superfamily,PC1,PC2,PC3,PC4,PC5,PC6,PC7,PC8,PC9,PC10,PC11,PC12,PC13,PC14,PC15,PC16,PC17,PC18,PC19,PC20,PC21,PC22,PC23,PC24,PC25,PC26,PC27,PC28
Academ,0.33899198712204703,-0.003557278094505483,0.08479815223566034,-0.1037147868944414,0.0647310222096797,-0.03597741833484889,0.03379485439116074,-0.03723562251321719,-0.05870718187416515,0.01554199487522744,-0.06672159210552746,-0.03356281191758408,0.06238787491795488,-0.006854259278325332,-0.04287772930602293,-0.22454395660698187,0.2446581632493375,0.4442472782056125,-0.16589089104853852,-0.014550959697428019,-0.5211448755129888,-0.3067511685657966,0.14624214339813718,0.15418415789230955,0.312559189604042,0.012217484679366368,0.0014464842309255853,0.003167023488457623
CACTA,0.19644229312119893,-0.28836503774606936,-0.06362042113390991,-0.10662378969271775,-0.0767393911686383,-0.011280859840729782,0.014616317142537381,-0.06272334642817796,-0.029249275998848013,-0.08835684735032194,0.30991271875140847,-0.32145451342000897,-0.4359036464897426,0.060346320836888886,-0.06975284303233119,-0.06529292858010263,0.34243743609205296,0.017688840692538805,0.4721200593183722,0.07844480800353587,0.06232996101713639,0.05915077059561452,-0.19299642753790336,0.17618865486668084,-0.04547123473797645,0.12794298114295863,0.004458367688907799,0.033077203616071416
CR1,-0.25395930006299255,-0.29274793680994127,0.07341897079575171,-0.056536750822290746,-6.162924030617118e-4,0.0559749744694895,0.01360414568865315,0.008395708046782418,0.10612394162073721,-0.02401042367551779,0.013868501059928137,0.08012353471507494,0.006527714231280697,-0.1735758524022556,0.07903294479412674,-0.13828694926472132,0.08201451240134751,-0.07979123788660471,-0.06878850436372456,0.1762175946490927,-0.23073619932652875,0.038357842754293395,-0.209692980073661,-0.2900422650666272,0.0864170857887142,0.09846708434801425,0.7176169042169559,0.003801195711374351
Chapaev,0.09859448634821917,-0.11631051111446272,-0.17143619273208635,0.4194639895101776,0.2623036608924984,-0.008236026938658181,-0.03182357396899062,0.27765171615322004,0.16455869133814416,-0.12735760880604496,0.10374834979257509,0.19975451986792575,-0.13592730380479728,-0.4931103936090477,-0.20821384199492338,0.25030716209683157,0.019682167832198227,0.1586582701736155,0.08837929306152739,0.23097388990117762,-0.027664328733051177,0.033758994425591604,0.21932849710548483,0.04903306347906757,-0.009941795000315388,-0.15361281732595705,-8.943347798998566e-4,1.4172185459016681e-4
Copia,0.2088410480258223,-0.3150497055141285,0.14846176732034588,0.03055949917524733,-0.022849608798657075,0.03393343356262456,0.045866518017693945,-0.03364571666168527,0.056665422163858545,0.10041064230204261,0.11640591438319466,0.15147725787395153,0.050691393735343176,0.22650963235601781,-0.05229085543981467,0.03811199342747315,-0.1335595584824371,0.09522776118682671,-0.306394813190521,0.1759854308802682,-0.06198398581741304,0.36798548862685687,0.23474410837831677,0.18234687942835448,-0.3447868251038369,0.47055837759328706,0.0054047584382555655,0.041169286501421196
Cyrypton,0.30617470688193854,0.1286321916393409,0.11583521778355403,-0.1540683482915517,0.13256699648914783,0.01603831162123698,-0.06619269996974322,0.04114871649580631,0.006307206592492809,-0.01843778522965453,-0.16647913646387846,0.0403977990920027,0.011756418398039368,-0.19246239302388396,-0.13567680481972397,-0.1683822234839015,-0.054035975349168985,0.25509736466283783,0.2028961912178475,-0.3832899297138501,-0.05711751824578008,0.5112240047882131,-0.14145157544880324,-0.37688017461677864,-0.17200636417451648,-0.04973517247396092,0.005698397051575361,0.012562337035777858
DIRS,0.1696002712217103,-0.2601267520561974,0.043971674587340505,-0.15443281137262743,0.15712779877739344,-0.3320004290428246,-0.1499289690954602,0.16559520003761033,-0.18743136294449175,0.2539393622684161,-0.15476529474579673,0.052314529000062254,0.060796835684483796,0.006920376096219549,-0.06588015094100341,0.24684529861119137,-0.3625422965017686,-0.25274933967564717,0.2880136442484605,-0.041642930687337175,-0.2779111717723365,-0.26522222734328066,-0.1272412217127574,0.03451302929421063,-0.09481700878101851,0.04215767162462924,0.01078562894161892,0.20445838034902752
Dada,0.046103601098632804,-0.06270396458760927,-0.16381784396697835,-0.21216721187469453,-0.2815415854764013,-0.3330754021010048,-0.2724153883438079,0.14507292607805605,0.57863506488115,0.23885315609604782,-0.023216892699803537,-0.07127307857243326,0.2382535439334497,0.035780242630199945,-0.21512986767883874,0.06130162087936257,0.2835221411444852,-0.06715610234825269,-0.08640072861496577,-0.01628894665138007,0.07929650842810856,0.10323403939875286,0.04779891646730327,0.017072498168533214,0.07612580216217424,-0.11445912371464642,-0.003962089799630506,6.742767384177738e-5
EnSpm,0.069132072611958,0.35104737716719164,-0.07015473864070974,-0.20643430941141297,0.10561556754536774,0.129373622323003,-0.12448274044539774,0.3013745153238066,0.057918279843865564,-0.06814670785216669,0.030272655645722145,0.04052702956141192,0.03752125877056079,0.12865931202148959,0.22484244046988844,-0.29401983064766546,0.022976521209472547,-0.19724670475351141,0.13599288635306925,0.4729194251072551,-0.27519402900124074,0.12187495045106625,0.04013968457847155,0.12776510172219982,-0.2939165357526327,-0.21920116128922548,-0.013001898663513613,0.0028629838926863514
Gypsy,-0.2560245474157909,0.15614985646118962,-0.27162789116552655,0.09103949790399131,0.10010377892018625,0.07277526194716796,-0.05011984465448288,0.10088758504472294,0.04533285809274653,0.12474914116188468,0.11180305821924111,0.04630010400118642,-0.10226039242197765,0.17805871509592297,0.02917282706525191,-0.014164845294126089,0.05366904913965375,0.21732998506803566,-0.03653868736395055,-0.15634255471149355,-0.05664226709881923,0.048336822474005614,-0.05253359463666172,0.013442403559564891,0.019352165965355238,0.0907204734382896,0.033655191809475064,0.7939793443740131
Helitron,0.21312395723856223,-0.2955183424530557,-0.17592860712041478,0.04763062768788993,0.04081294464870698,0.01778674996966036,0.022612410675313485,-0.044337357880260615,0.02736897569975267,0.14477855146357774,-0.04418093852890643,-0.08546913820451273,-0.020560393262081117,0.07788857910680201,0.41463828694133714,0.030267792661096245,0.1268032272475435,0.2244574628154075,-0.16970951906555454,0.009000337786716151,0.17200032077323754,-0.2890180335390316,0.001580309760951207,-0.33265722439381223,-0.4508008838504036,-0.3105703990676082,-0.00871038070211469,0.019961037386940685
IS3EU,0.08751994620502702,-0.003981032184421215,0.1015026148169653,0.1444142684281407,-0.28441676280314654,0.5942440715840711,-0.004513614711214727,0.11325803226691322,0.0788546052284209,0.5417064993090724,-0.11908863895015707,-0.28587693872089964,-0.17382455224479748,-0.11166083310375426,-0.05906437288983236,0.05521077420644883,-0.14653085074751981,-0.09139092002133686,0.023319988103630125,-0.003953560917251756,-0.13277618680828476,0.02235612207128997,0.07601897868994945,-0.007691198060521363,0.09106720473984052,-0.08284932621770347,3.159375272117129e-4,2.948191352821812e-4
Jockey,0.29297165730772146,0.11382391187355873,-0.08360444730667421,0.17590553079050097,0.2076057399180344,0.08477611146163626,0.03308495898351213,0.17826855288401253,-0.05551867674893063,0.015229963471900105,-0.02523060057503442,0.04174093028479739,-0.015047115237237335,-0.12903658005434435,0.015604810212491613,-0.04810104313581101,0.4168421475609556,-0.5333827743300641,-0.3093448342339804,-0.2957670786220081,-0.008711115288231307,-0.08506477408032309,-0.18057077725495263,0.03625813315038893,-0.08291183650258459,0.2557653295301929,3.8601167728872685e-4,0.006392913417890008
Kolobok,-0.006228667758917614,0.08601680271609982,0.013731861713091193,0.005620486805178844,0.13182702285720663,-0.22874206964100027,0.8045215537975148,-0.02352700916230703,0.31673320662243337,0.10680244976162868,0.16993089251049165,-0.16500675219122604,-0.019548961018437994,0.03713698359964551,0.004401108926286516,0.005159637048801058,-0.11296809558007781,-0.13234968842132006,0.03430921412656215,-0.09096468740801276,-0.1943618969631914,0.05567785221204242,0.06449870086676879,-0.04368651703842899,-0.038388344924548755,-0.12976647375357772,-0.0016597175926234549,0.01427684905686688
L1,-0.0071916466914973215,0.08411243376915105,0.4328201100743686,2.8372554831109633e-5,-0.24723788707683045,-0.028028355430972297,0.09760287840718854,-0.25974845698919824,-0.12217329938022835,-0.08534995478063453,-0.06847417356640628,0.0015008680694926133,0.11648947910320356,-0.2541747396780018,-0.3488115450411647,-0.013131103734892634,0.22232648562044433,-0.09859557432866374,-0.03927574371700333,0.1754834951574913,0.04168591244253427,-0.13173078707338162,0.022967275535721778,0.027404718985054817,-0.3481318186968211,-0.20593221720966226,0.0034016145022354957,0.4052679821397933
L2,0.14118298520605277,-0.17696388415608405,0.25387285327551673,-0.2693466640746224,0.3100533317819032,0.0784793718128374,0.04894111769309009,0.16237878870984646,0.17309431942693956,-0.06138297421123763,-0.17873782429191645,-0.0037798556975908886,-0.16316610659007974,-0.0021907059238956634,0.005788824779221389,-0.3053403683400898,-0.11714324224232933,-0.12311159843188042,-0.03413720747461358,0.07435305789451895,0.479312797554937,-0.10661219115124523,0.28519201465644733,-0.024275675747175582,0.2793098809995193,-0.0071810823631851955,0.017175073553896154,0.241140356833584
MITE,-0.0056751090495693384,-0.1236078106449042,-0.3421790938353868,-0.06690542857923548,0.07655155875822889,-0.11319368306355511,0.14600722672353603,-0.18962293175360467,-0.4954195236176856,0.39427541688465334,-0.04490768101047347,0.08626275654467769,0.15842297879700717,-0.11914996187171706,-0.00970982914271107,-0.13767701153977976,0.2073367042149942,-0.12126019375462557,0.03949445070276233,0.18012060377696282,0.09972416194258242,0.32803112104715165,0.22319181803184973,-0.014035713842322411,0.19599120314546864,-0.14116620998938784,-3.16886126407265e-4,0.02975733047262475
MULE,0.10756112286619454,0.2267237752362721,-0.25064610821608097,-0.27583293282616395,-0.16250910399814178,0.08949271635399832,0.22527302156859969,-0.0737462448240225,0.14074013799119528,0.14672704098511102,-0.10774932969474484,0.21808853093456954,0.10443001628138204,-0.3984930230322377,0.13191040263258108,-4.328932795022754e-4,-0.07413509130832026,0.18367321598135333,0.170658716016752,0.14598663910248455,0.21050483562074995,-0.22739693308196945,-0.1572092275012701,0.10765201293047671,-0.09348615841355248,0.4347625993738456,0.012233201685831032,0.0012350035483722677
Maverick,-0.0024598416906041606,0.085777794279873,0.07307358592795216,0.48859359201380326,0.1549214398774238,-0.26758593389638424,-0.0838439938744754,-0.14681857700892523,0.1203479452183506,0.053885981167537886,-0.43496750882574814,-0.437429981863534,0.1287413480117234,-0.01912528364953496,0.17005192157994195,-0.17227135739518196,-0.0048226088294618325,0.05954893795086929,0.11148929034232714,0.23252044432616847,0.05149238645864589,0.10012205459193377,-0.11757202214678147,0.07006660693639202,0.01289609157518494,0.21595161878026484,0.00745665980668331,0.05088883653691008
Merlin,-0.004164387532261569,0.06873945927032192,0.02823106408233979,-0.16574536703079368,0.4785605335478642,0.17561944664959409,-0.2797207782019175,-0.45343162766203543,0.15484616677643892,0.12190114427894702,0.4334092459448424,-0.2583730099990383,0.24499262327425766,-0.20325441759689095,0.007165652491420703,0.08530944013420802,-0.10252784761896344,-0.05365894534357576,-0.05392403807884905,-0.014892624337156673,-0.01609365792319876,-0.03487388479039193,0.004041880586466397,0.050267861927427264,-0.023486665422058472,-0.00956409297647527,4.1958373536576135e-4,6.303681855460817e-6
Mutator,-0.021064818031879626,-0.04545587560118886,-0.37769849878087186,-0.2663641809432994,-0.11428315891155078,-0.08966728692784444,-0.03634470957462999,-0.08271689162606852,-0.06834238874258483,-0.29928281244166216,-0.22631867158444022,-0.3744036572777803,-0.3059196988848992,-0.2743489434555716,-0.05677757830858311,0.011143685481448175,-0.26038793710226465,-0.07583648903034047,-0.4054468945004283,-0.013221727725501255,-0.13524884154592126,0.10667695139646208,0.05204359136699003,0.10788913760801672,-0.0892108422583505,-0.03801361083893482,0.0022148239476263544,0.07235004691538059
P,-0.005073437029289465,-0.1680066497782566,-0.2456694018507511,-0.07937603169456982,0.2214243498678298,0.3992529619406205,0.1372320563058453,-0.24849595039552938,0.1801007791865998,-0.21834944620266303,-0.4639672315994664,0.09101505608564284,0.15872426891059097,0.30333252476339256,-0.24665802667155817,0.24166395349894101,0.1533939556932963,-0.06205199644343296,0.1732483599308647,0.039894417652729906,-0.09709041495176318,0.00754930379546437,-0.04166841111191045,0.04581811984575405,-0.023741177500472006,-0.05555066546071553,-0.003993973727192664,6.491204795752188e-4
PIF-Harbinger,0.2887550058313662,0.1846633882486337,-0.04094307135924804,0.017469033477894705,-0.21294102375369264,-0.013597128937061475,-0.05489888340656657,-0.1210517855149266,-0.005371731164101984,-0.24332045785006515,0.08398333629335099,-0.0942343178764578,0.04598768936270799,0.05160003787894765,0.19909523329297726,0.30598272425349704,0.03670759154666767,-0.18678616331043185,0.14644636365527888,0.1259985626502272,-0.10178870506910509,0.007502576225152759,0.3966701804511805,-0.48888237553764735,0.200717886465189,0.22397394440033166,0.024530844868490477,0.1809713319334808
Penelope,-0.25169436710811427,-0.29524311757641303,0.07232894081911306,-0.05912751029552468,0.0017880155759886214,0.05384118202190933,0.012678322865210164,0.004802831487092345,0.1099683697291288,-0.023200500406772465,0.013282183609410525,0.08096662684908919,-0.0026635641569243093,-0.18079128419330487,0.08014383316457312,-0.13814691151694092,0.0738332440501753,-0.0772290229197086,-0.06250094692624389,0.1780895695532654,-0.230522004402895,0.03897705309378745,-0.20918013531519697,-0.3137350998389796,0.10794957929671696,0.13621249099950106,-0.6944503813508327,0.06125897929429779
PiggyBac,0.13469804582458272,-0.11301002612674733,-0.3362378177397957,0.2701419153573068,-0.1669593955445875,0.06617113801328021,-0.03190556381313116,-0.06596848004712451,0.031185644204720007,-0.1154464510977744,0.19335447624109578,0.00890071468881414,0.21903492854423623,0.08663163237214798,-0.3553763736978202,-0.559329408109712,-0.30311629517350797,-0.11423584253183405,0.09746684931149037,-0.054853150671707096,0.007818537439650858,-0.22253002163379718,0.042258705747847854,-0.15617500150150176,-0.06798397070758651,0.034663844035935254,0.0022295623232373757,0.004070697608947499
Tc1-mariner,0.33204028059334567,0.08011525972166399,-0.018340210252061177,-0.006887230429895339,0.013906340732986747,0.037034241686911544,0.12198877276619972,0.14764348299721566,-0.12279136899574986,-0.037084819578870734,0.14138874519124717,-0.10969697051687027,0.13836821538541122,0.15244048244967492,-0.19195919118538474,0.19124661678726898,-0.14222915909017245,0.1056724230292307,-0.27351257250760835,0.37582003906994177,0.17722276331589312,0.08056096644968429,-0.5419379312487878,-0.12015473253973967,0.257686953135028,-0.11476910833848782,0.004165694492960906,0.08572164724932133
hAT,0.23276403638733312,-0.24131920190759532,0.0363802491516294,0.11858354619849916,-0.2382772753468371,0.08571428196752293,0.018378093141631885,-0.11868654928048109,0.11418944832566942,-0.21389041383591478,0.04406852794482298,0.16382482943860668,0.2409526665163295,-0.15348061860010973,0.45059099210276077,-0.029032865728313536,-0.12123688874230952,-0.11349597818042842,0.06696083763759639,-0.1824294395519893,-0.029645433235044864,0.20536213933386427,-0.13990806748006207,0.3726532561579945,0.1909484035940662,-0.26162956576901486,-6.102057413624574e-4,0.22100154858815
tRNA,-0.18267193467982656,-0.1695334814725036,0.012352939612048527,-0.11291674479383397,-0.004770784140182151,0.15486854509762504,0.13622373729240814,0.4818719505699007,-0.2036216032179566,-0.18358896620040147,0.05821380781405186,-0.42316407584935095,0.5314340361857114,-0.11099241968169242,0.019653955638731572,0.07261305214795444,0.09273038469586695,0.11864193912553003,0.09085880796903546,-0.11896449417663513,0.06059032228099313,-0.0019991021594854704,0.13396588812126345,0.04473077184405321,-0.08814803900447417,0.12391074063304312,-0.003189245882106293,0.018937282548078888
