species,te_level,composition_mode,PC1,PC2,PC3,PC4,PC5,PC6,PC7,PC8,PC9,PC10,PC11,PC12,PC13,PC14,PC15,PC16,PC17,PC18,PC19,PC20,PC21,PC22,PC23,PC24,PC25,PC26,PC27,PC28
abditus,order,classified_conditional,-0.06663905994231627,0.1135768484872174,0.05935400357188907,0.33027816460475684,-0.028209014999093344,-0.091314830785206,0.06977067149658334,0.015563431765962482,-0.04202207437532412,,,,,,,,,,,,,,,,,,,
adatsihi,order,classified_conditional,-0.3237595358757954,-0.26122951775792147,0.017404780654717636,0.34662330198991376,-0.0985572051568264,0.11240878232473306,0.03617666422734297,-0.03268193562054439,0.00022145076478189825,,,,,,,,,,,,,,,,,,,
aeneus,order,classified_conditional,0.8016715616959397,-0.367941627948488,0.1331699054832303,0.12149476050456415,-0.19971568802809822,0.22362984391968252,0.19514846954731105,0.036218124065632525,0.02325590159688965,,,,,,,,,,,,,,,,,,,
amphileucus,order,classified_conditional,-0.5550362300705071,0.13882986593997293,0.3633511216308461,-0.09353135135482306,0.10476466368623288,-0.0018809306139181334,-0.049941441523398265,0.005617570942571499,0.030102185582284502,,,,,,,,,,,,,,,,,,,
anicetus,order,classified_conditional,-0.3577334906555706,-0.009866188690833498,-0.3675925796757506,-0.18844623992128068,0.024638731684121878,0.09355590741685325,-0.010713149194933949,0.01205375793051328,0.026354115235055636,,,,,,,,,,,,,,,,,,,
apalachicolae,order,classified_conditional,-0.2356895045567488,-0.0455183769476122,-0.1486344306219573,0.12626348848858684,-0.04237099533156907,0.00892863998809973,0.031902424274056346,-0.003924362913069193,0.007155396686587527,,,,,,,,,,,,,,,,,,,
aureatus,order,classified_conditional,-0.445020344544473,1.051552830621388,0.31233344410184166,-0.28620521524638043,-0.2709562270903923,-0.06414130805509968,0.027587127322169065,0.03434764834213508,0.030420973422404733,,,,,,,,,,,,,,,,,,,
auriculatus,order,classified_conditional,0.8017812258297266,0.23939744746527944,-0.04587769550665722,0.038866344100064565,0.021858915669116824,-0.11642548662564418,-0.022168363244410964,-0.019054781933912773,0.07736763174839444,,,,,,,,,,,,,,,,,,,
bairdi,order,classified_conditional,0.6423804466627868,0.23322998609544293,-0.14629999437054175,-0.23767615581726848,-0.07029058473755732,0.03502016299978864,-0.026138917991703505,-0.07978322493449976,-0.0388451573430358,,,,,,,,,,,,,,,,,,,
balsameus,order,classified_conditional,-0.4462825386770321,-0.3193739894759081,0.15506483523398543,0.46355790580858836,-0.13962968333228928,0.018115050198375855,-0.1335320120559286,-0.0021724959393790064,0.002749510231336394,,,,,,,,,,,,,,,,,,,
campi,order,classified_conditional,0.2404155059341504,-0.010460106300240203,-0.24377853332960964,-0.2341963051122816,0.02953654800781048,0.17788651160116406,-0.18244359157076478,0.08343091050594968,0.009220708371064408,,,,,,,,,,,,,,,,,,,
carolinensis,order,classified_conditional,-0.653479777113434,-0.08107514612092881,-0.3004985329768914,0.018258639614529813,0.07453547223177935,-0.006211489037893225,0.06901597025053974,-0.05488875889090396,0.014696275700121346,,,,,,,,,,,,,,,,,,,
catahoula,order,classified_conditional,-0.07523981475975422,0.32459795615266523,-0.14299394477712782,0.20974191232157235,-0.13223387841044373,0.004751973418179964,-0.05062729502220422,-0.00432480561345493,-0.004269448300349983,,,,,,,,,,,,,,,,,,,
cheaha,order,classified_conditional,-0.18270677588114984,0.026123862304733996,-0.35106405258827234,0.04416720301411727,-0.005674133843780923,0.03323781745263883,-0.04878508206952649,-0.11290435084263699,0.01270346560084368,,,,,,,,,,,,,,,,,,,
conanti,order,classified_conditional,-0.1647958619001377,-0.016498355413421113,-0.23980125521127343,0.025089505254238992,0.09097667208814615,-0.0011117503077146646,0.0011651346319616481,0.09644707034760344,-0.01797454072498007,,,,,,,,,,,,,,,,,,,
fuscus,order,classified_conditional,0.399043756792725,0.2621711777863181,-0.0032674403339161776,-0.10363000130843839,-0.029320982085685423,-0.022784051288808692,0.0003088482627514955,0.049077441537708294,-0.054583810973399434,,,,,,,,,,,,,,,,,,,
gvnigeusgwotli,order,classified_conditional,-0.454149533532208,0.033368247413137084,0.6319612077825283,0.12602196705449656,0.07295810345475363,0.039286833222014685,0.013310952911032124,-0.020065207432538826,0.01971724947062404,,,,,,,,,,,,,,,,,,,
intermedius,order,classified_conditional,0.06793338678661537,-0.11626697773672426,0.40689291446709236,-0.12946639658046863,0.12877957186256,0.03446591242080285,0.03022860860111454,-0.06650227548051145,-0.00814942037863808,,,,,,,,,,,,,,,,,,,
kanawha,order,classified_conditional,-0.0036269959158521186,-0.018359423829726003,0.4292509682523799,0.05793292382033633,0.03579335857693271,0.05792174931992563,-0.07800084327106604,-0.06170253394538477,-0.021766602102960452,,,,,,,,,,,,,,,,,,,
lycos,order,classified_conditional,0.004015174696068303,0.011343671435410641,-0.24317286340119273,-0.1324026560396335,0.02334133268830812,0.12008603875682046,-0.11147004604674647,0.02082003629006883,0.01817605809188725,,,,,,,,,,,,,,,,,,,
marmoratus,order,classified_conditional,0.03698281944049602,0.056442323485121335,0.279214561197434,-0.22662430831273842,0.21488423328646714,0.05650908562108528,0.10764940221161554,0.03976450301508248,0.019568739420454607,,,,,,,,,,,,,,,,,,,
mavrokoilius,order,classified_conditional,-0.050548507485346235,0.007838832382479661,0.41385640840439747,-0.0864472406730152,0.10456547748173707,0.02103577257524163,-0.048101894467049114,-0.018111087137907166,-0.04394819713384356,,,,,,,,,,,,,,,,,,,
monticola,order,classified_conditional,-0.37126297332870234,0.07719485291939661,-0.3267714245166544,0.010654250130553107,0.09030131993970064,-0.07529633528982986,0.08971916167644602,-0.005486321849667272,-0.02022758785253077,,,,,,,,,,,,,,,,,,,
ocoee,order,classified_conditional,0.08201844388548928,-0.0632399076175336,-0.12870776168743758,-0.10277061703946702,0.0725248723314614,0.01757924163308509,0.049390969559744605,-0.0025297987891213635,-0.012362473504516764,,,,,,,,,,,,,,,,,,,
orestes,order,classified_conditional,-0.34511836876074764,0.10474958595558723,-0.13271100107841907,0.05504212292277187,0.027000735650398455,-0.037858971307251604,0.018708500712995235,0.01742031912315337,-0.022282300755424058,,,,,,,,,,,,,,,,,,,
organi,order,classified_conditional,-0.240133496762937,-0.6906785282149623,-0.0006306179431698805,-0.3826897770944439,-0.13987480668571134,-0.2259933425733117,-0.023399350485713562,0.0037963547521633555,-0.025926201797435933,,,,,,,,,,,,,,,,,,,
pascagoula,order,classified_conditional,0.6519700862437923,0.015649785711412206,-0.0895429839184112,0.14786016182210318,0.16400876677468268,-0.12622570824553803,-0.02136550798770949,-0.0011563516439909223,0.010154005412976867,,,,,,,,,,,,,,,,,,,
perlapsus,order,classified_conditional,0.17950500640957523,-0.00451797956063818,-0.17352821869459764,-0.27646361262941865,-0.03716732196996627,0.01087338250995138,0.1257127849382331,-0.07022337185747912,-0.002491878719006679,,,,,,,,,,,,,,,,,,,
santeetlah,order,classified_conditional,-0.0647124171991243,-0.08487542809587395,-0.10721501583774268,0.0012514561946270117,0.09633941094522393,0.03469104569490782,0.012600589835135716,0.05699196381931975,-0.018181464388880863,,,,,,,,,,,,,,,,,,,
tilleyi,order,classified_conditional,-0.6189017435978071,-0.011067137712267004,-0.3235491086614824,0.08464335939441694,-0.035988997029817275,-0.04029342530838899,0.03676310038924899,0.004558071234090063,0.01673975516835779,,,,,,,,,,,,,,,,,,,
valentinei,order,classified_conditional,0.6935682881016721,-0.04027930925764965,-0.037854227028215955,0.3096055185271026,0.08165414402471635,-0.14769049896283745,-0.029340938343017285,-0.017353457578958585,0.04977532915044289,,,,,,,,,,,,,,,,,,,
valtos,order,classified_conditional,0.6614184729440435,0.16026662631076538,-0.004258023774571988,0.048607983981687704,-0.07469757360896381,0.011413083968488492,-0.060293068603171615,-0.07158826468827914,-0.04329978894560657,,,,,,,,,,,,,,,,,,,
welteri,order,classified_conditional,0.3148529433079928,0.07016473798483185,0.10837355422953017,0.2590459802208932,-0.00518999668879,-0.05730989410035829,0.016410380342900086,0.13575011917086066,-0.02165793666727208,,,,,,,,,,,,,,,,,,,
wrighti,order,classified_conditional,0.07727985182857272,-0.7852506377704307,0.2475220009240126,-0.3444570726402622,-0.14858524138515994,-0.0968588125400397,-0.035248259313841505,0.032596064249416315,0.0296101323086885,,,,,,,,,,,,,,,,,,,
abditus,superfamily,classified_conditional,-1.83634075004639,-1.4732985359581885,2.4050469406114545,2.849002485501623,-0.1944089508604978,0.18391554053477083,-0.08422481767616738,0.3406557806746038,0.09886687524335236,-0.12967482369661515,-0.052690085403968356,-0.01682597921950916,0.08140711887538964,-0.12628903133916475,-0.1638251714005947,-0.12947781521117868,0.08493760608391776,0.07689541114039669,0.018666922924534302,-0.05290183839403555,-0.050101936098963476,-0.006620085381684238,0.015735319836247225,0.021007728695645357,0.0011399649079839097,-0.005053666367166526,-0.01674023395924384,0.004582308889195902
adatsihi,superfamily,classified_conditional,-1.778670622224613,-1.729148412124129,0.8693168444827789,2.648743459057323,-0.21791945365186502,0.10034970271767475,-0.27919155549377844,0.02462150370925777,0.48448269714161996,0.10086720535040439,0.024789136992477583,0.11940183180828032,0.14679323727749727,0.1816960567037012,0.04778134408178855,0.008573818668692671,0.020210257829672333,-0.08017675631810832,-0.03179844938490819,-0.01678496384804915,0.0771237269675332,0.0068218446232775525,-0.042142244029066266,-0.012508049871678743,-0.0012472822352577663,0.009576712943188638,0.0024312412221616066,-0.009923929149487996
aeneus,superfamily,classified_conditional,-1.5044331422336354,-1.4892407073548992,0.8439862869308917,1.30508628859599,0.23389432804365384,0.05493352074199517,0.5190632750660298,-0.4904527176653261,-0.5692373563902221,0.17270613692267947,0.08211990847882485,0.2448408941914372,-0.4655806046952845,0.006128566293349691,0.10536713517689625,0.11744347294009946,-0.20856912519094856,0.006250285435998096,0.002055063960961265,-0.011928166045113,-0.05119020168076692,0.0010155094557550365,-0.017327083651610502,-0.01627538712980712,-0.017849159254904847,0.009023088783988708,-0.0039010976546146286,0.0011319298632025774
amphileucus,superfamily,classified_conditional,1.6032452450446937,4.732429656460165,1.7292088379311643,-0.09758021987476197,-0.20569448010832753,-0.8578076191100359,-0.4932480970985726,-0.21150690687452428,0.26197823309759166,-0.23965315477938073,-0.31549766394003453,0.11017312590289924,-0.060566202749980376,-0.013913023343873865,0.11269365604891009,-0.11784604275633409,0.06406626757781468,0.035945585708585845,-0.1458381499296956,0.051980136417832334,-0.06578151893723601,0.009370395683059486,-0.03993890635478973,-0.0021817189892151265,-0.023506714778953542,0.01749178656777184,0.009893039217237876,-0.00038794225634471575
anicetus,superfamily,classified_conditional,-2.0167206701247187,1.151490521671681,-0.2843658883231934,-0.7729896894488515,-0.30514945055934395,-0.06944216750085619,0.19428520952626957,0.6028773076398829,-0.06246494058367775,0.8221327653286273,-0.19142010243524937,0.040288248041420324,-0.040027769881137994,0.08708257039322424,0.23782747166837342,-0.06580599344074704,-0.0011325622173124915,0.007690058065128942,0.0507448777812572,-0.04442302879625718,-0.019512818493109506,0.05322516191672858,0.014686274601947323,0.00518725929033456,-0.007437669955985361,0.007443310077975396,0.006982524268305081,-0.006487213114371542
apalachicolae,superfamily,classified_conditional,-1.183675438468958,-1.5370294034318839,-1.3619926330421412,-0.26158490315125155,-0.23690160478991149,0.3033804488261004,-0.7151029319104089,0.028812539178831323,-0.25869387725351906,-0.2428465745467682,0.16467692887715787,0.06777787224528846,7.390088317417701e-05,-0.050453248868976945,0.02446683369854339,-0.002987834712950553,-0.04671593398495942,-0.013473755457121239,-0.022943410283201966,-0.019571575483089118,0.015166381738717613,-0.02256838028962868,0.028064780601750654,0.025852650594732806,-0.07268037940823455,-0.012930553995119616,0.022812301514533957,-0.004574740878276872
aureatus,superfamily,classified_conditional,3.3124199859076855,-0.6068849603805206,-1.4287370506553456,0.24342166649676508,-0.5171872226119874,-0.48979507668305855,-0.47698380507384003,0.8072772085714183,-0.047720094856414125,-0.5751655353871239,-0.5447474809771202,-0.2778777203721361,-0.467135925352004,0.0036657572258561887,-0.07300164327062726,0.06641692513790885,-0.011591875257929827,0.0011883267320206023,0.057220747260880986,-0.05329600578974167,0.04353234604718504,0.04116982856221527,-0.006326449704407484,0.01133933606061213,0.005553529809877977,-0.007397272372944487,-0.003962786361381662,-0.0015587276697980525
auriculatus,superfamily,classified_conditional,-1.1125165416318832,-1.4538878069907744,-1.2732420608254413,-0.24819257488857452,0.10701394567629416,-0.10225259786190896,0.5520295142955122,0.015315788208460097,-0.220333717434885,-0.7359825869208542,0.0014715539963608697,0.020619181949053118,0.22953881378404772,-0.14061596896536357,-0.014730431562515247,-0.11078724590270583,-0.04910366124113657,0.06998278821274052,0.021515881953101362,0.17205715240412633,-0.0007166966423417183,0.04359817264963834,0.0004880070527486525,-0.0014518526575356412,-0.01987262445436328,-0.0005814003871666972,-0.019420296539166434,-0.004188846074102222
bairdi,superfamily,classified_conditional,1.9456905414256906,-0.8691910552244496,-1.1571835248095859,-0.16434136291111315,-0.16104796327510548,-0.13099682671600038,1.1947835206876969,-0.06488399665943519,0.3849300001031827,0.48760615569103466,0.017181421848058008,-0.019633127709737644,-0.0497683426315565,-0.08408845654962498,-0.10692854086149506,-0.1274500870432334,0.0005618875944732781,-0.04330524126736504,-0.013001914343349638,-0.016131509028739718,0.020098290873765665,0.0397434972630883,0.018539822179420625,0.04392075448711471,-0.0004369753908306362,0.0122406888645622,0.008259454769636642,-0.0014040883843920967
balsameus,superfamily,classified_conditional,-2.466097724712454,2.9747741533036316,1.553298536897114,-0.621032954109068,-0.16650225158846824,0.17372769069487945,-0.46891719091030876,-0.38491886829951155,0.20039083717042586,-0.026395025751684318,0.21768624873984452,0.3397786913843429,-0.2076695026724427,0.3300893339032184,-0.17886852586722762,0.024891261482432345,-0.006692196664897395,0.08182291590057529,0.010040462624177328,0.03188359105251993,0.06535374929872348,0.03242434880812758,0.027266897449278724,0.019590402990981432,0.00856679369460289,-0.013867375048753943,-0.008641400915920494,0.01588413727322268
campi,superfamily,classified_conditional,-1.1616002784902117,-1.5186917387806902,-1.3029640786790397,-0.4626709878311162,-0.2619156267321934,0.2714514523995274,0.2760374467588858,0.4423274519118564,-0.7797488668421859,0.3061690446732133,-0.16433345864470936,-0.05509596471240864,0.06286090439264379,0.11941082584840143,-0.053372598615545684,0.003025473829458305,0.1198395590829607,0.024044667818636335,-0.09208430304245273,0.012715769308303735,0.02956993836830306,-0.02029675014141187,-0.01714944740001685,-0.01667937548437443,-0.006527406515093772,-0.02492847181485073,-0.014194145951061946,0.00931674557700933
carolinensis,superfamily,classified_conditional,-1.2407111529853234,-1.6097911379039853,-1.3369074158064485,-0.48938071115338033,-0.10600728770792948,0.33008274447304187,-0.7181483611264529,-0.07701491677341436,0.37686774803039946,0.4699655050652587,0.05949993898470845,-0.018932036898874786,0.006315694281865825,-0.10615213105291119,-0.13607864415544008,0.08058822157740725,0.012532375971259788,0.034873039396379556,-0.037758290296619784,0.022985341681052332,-0.0853200751899402,0.07100679683978242,-0.008123723266229715,-0.06793226074625673,0.011744048083884762,-0.02133853698384057,-0.006048172493560065,-0.006556206020860493
catahoula,superfamily,classified_conditional,-1.180442046734817,-1.403717794146289,-0.665995171707551,-0.523749505209141,0.02744711340769746,0.10098354089805946,0.05432378499838855,0.6062874141041276,0.21880139216074465,-0.31616618419535236,-0.2751335109693896,0.2008340388699906,0.08902813214041155,0.23696023551655337,-0.08725918631624963,-0.14370213347816183,-0.15538009784002377,-0.1787543428717766,0.012606418521341686,0.05811527426667804,-0.03609324007825849,-0.03203288245670349,-0.012333871134654756,-0.022950315780112366,0.028643590950564186,0.0016121773410532668,0.014200059196434286,0.0095780676005774
cheaha,superfamily,classified_conditional,-2.728805964520707,4.129376181085972,-0.6082931993190518,-0.2982866465772334,-0.8792933906254137,-0.18045681249169404,-0.027259581665260525,0.10224720571884258,-0.16528308476668122,-0.09147939388595852,0.16250747645787994,-0.3124633050294061,0.2974055116011422,7.908364966953058e-05,-0.09354908597195165,0.14677998801157596,-0.14035104104784013,-0.10179701090824572,-0.09777070991760436,-0.08682020320127433,-0.0027024550828904856,-0.010516041105301337,-0.01120704686959822,0.017359414458836087,0.00047889636379659374,-0.0015871723182072147,-0.02204162569144776,-0.0059281252640053725
conanti,superfamily,classified_conditional,-1.3499654276635644,-1.1032694248586568,1.8605651884671193,-1.0384953673544506,0.653269292731221,0.2649135297746447,0.03790681060243736,-0.01406840253934459,0.6894016516905824,0.16463245468038248,-0.31930855954045045,-0.11681887849335731,0.0620757877732014,0.0340472091823337,-0.059323240465674824,0.05588029570651001,-0.04377014757923978,0.1014512711998515,0.02410736526855371,0.02110135729722601,0.08073054292125047,-0.044781179891944384,-0.0025197067533291716,-0.02675283412578987,-0.019849350185943176,-0.004856186927619588,0.009938007140628981,-0.011499659196792963
fuscus,superfamily,classified_conditional,-2.2064279445188673,2.332788890670862,-1.9185839768116193,-0.22185602835672016,-0.36967598139570906,-0.40194420099423794,0.7170021254040869,-0.35772680175945004,0.22137599303680439,0.17611756760592487,-0.258793421967286,0.2063356171502465,-0.23793466165688043,-0.12040127208826393,-0.15368487271753,-0.06391957303043717,0.09559434685930146,-0.04039230527711431,0.03747005237805731,-0.005366595515226326,0.004583780610919953,-0.07719710613436943,0.009887571385099173,-0.021485704124019928,-0.01102331301374614,-0.0011852004653537956,-0.02344676295816404,-0.005790919466619571
gvnigeusgwotli,superfamily,classified_conditional,2.727375955286425,4.704583016956973,-3.026268225920292,1.1474795467525225,2.144973820481315,1.63164979510488,-0.012565360753145838,0.35632405838264,-0.013979693203861316,0.004152214716554903,0.0047429457319074775,0.010346966611111095,0.007752415552270259,-0.024552341278259594,0.018215222709158402,0.005632468902970583,-0.0031060758973415785,0.0036165763034764005,0.004076902662005484,0.0016568084861959527,0.0013464860277460269,-0.00019776841734107673,-0.0018926144233239316,0.0005825752110687547,-2.0735837425160433e-05,-1.0444906128871772e-05,-0.0003563120331927873,7.206847548308058e-05
intermedius,superfamily,classified_conditional,4.626581824560192,-0.42070066007005447,-1.322158840220976,0.3451972391900611,-0.5460062334433916,-0.3442829307697859,-0.17899559041697485,-0.19653660743251858,-0.32624636535321827,0.16567822535541044,0.10255912857407774,0.302962759380114,0.19877354955137658,-0.09543492979981893,0.08613895464381995,0.02541882717014055,0.0804180268689078,-0.0904382790528911,-0.011144792198179694,-0.012333623681777978,0.07464984483235629,0.029174360292586785,0.002189021839840756,-0.04409494919461224,-0.015191552960468832,0.014562958278658744,4.144153755859702e-05,0.011413386426026616
kanawha,superfamily,classified_conditional,5.094941017050798,-0.2855316132122693,-1.28338374151028,0.4005224115664633,-0.39521701350910776,-0.5362849419687348,0.021471819227152182,-0.10600503869080048,-0.14271553373811885,0.23590973464288503,-0.012771102163306859,0.2872001476885354,0.2514566998218025,0.13046956259188652,-0.24519422634334886,-0.016858940360145083,-0.09645373986294178,0.13165213712925133,-0.029804726031402464,-0.028212087766019838,-0.03383301963480414,-0.016772138550564024,0.012407214309044434,0.03657394871203424,0.017131027273930698,-0.018355421423839908,0.015504392161454196,-0.008062804901515954
lycos,superfamily,classified_conditional,-1.4145692365414935,-0.7630587894623458,3.5898827500930035,-1.2530521507590706,0.38696959661519126,0.48499412876882203,0.3045788338586838,1.0262240837005292,-0.347686641060312,0.05826050812817123,0.0959484088991854,0.0403609583915162,0.05340544461977979,0.0023618733305055747,0.02236679637862583,-0.032747026886271687,0.01882820190031171,0.05279773286514614,-0.06637804694443404,-0.03210873321109301,0.003480304398709605,0.012974861763234546,-0.01642661474744065,0.016529203984176073,-0.0024194323679299695,0.02232155486490816,-0.0029151196277519957,0.0024572421337319753
marmoratus,superfamily,classified_conditional,4.217738886613716,-0.001670849308059228,2.0801126934269565,-0.38974771409457304,0.13470339501925918,-0.3949635881095214,0.17267182820674248,0.1816377589193807,0.27837801450730615,0.06266585943753102,-0.10573725533251212,0.11704517486315875,0.18544465408884858,-0.2024623969602563,0.30695653599022943,0.11087302101523645,-0.08711255118562122,0.06662761068741711,0.07613049262413914,-0.040601185086387256,-0.0014964249818923076,-0.03990539477184633,-0.022417387914773105,-0.01001066406902235,0.0032999838146942928,-0.02232185684057021,-0.015374772059139787,0.010477267310024217
mavrokoilius,superfamily,classified_conditional,2.4736302567496558,-0.16852084439861523,2.0836326470055617,-0.2719584090849086,0.5614052927081156,-0.555264083827416,-0.0007980586507876194,0.4319011052909077,-0.24885412718012886,-0.11431904227482657,0.19510345351958774,0.10642417515710749,-0.006557701706613478,0.024464635668559352,-0.2726197099005362,0.27132990876870244,0.08416907332340326,-0.05450704543850879,0.03803795685527319,0.05789873141014997,-0.023918012716992208,-0.014977673158999274,0.04066128582752085,-0.014011589018937839,0.005143299900338607,0.030596336091920206,-0.0006379881997643438,-0.010197112469272764
monticola,superfamily,classified_conditional,-1.2138798341229298,-1.5503780448536797,-1.297293807495177,-0.4028313539127901,0.3558261469095206,-0.23837543044061085,-0.36593973723373135,-0.026689513197907674,0.8815565017622564,-0.04159152045600003,0.11897272908624011,-0.01862905499177527,0.04544886517211242,-0.17295173180972892,0.0865075879709123,0.057673822312413345,-0.04740584883792215,-0.043548499168530666,-0.008104295092203142,-0.01669594856849679,-0.009674024080043225,0.019319900220771093,0.04765354545818531,0.029836344138306967,-0.006589816219210217,0.016329245523322187,-0.01737103337007238,0.012023129215269863
ocoee,superfamily,classified_conditional,-2.65005285321315,2.4243664176863153,0.8303860644730793,1.5160329048572938,-0.40287610347028835,-0.43542212884396053,0.2814846927994575,0.028063666791382214,-0.22363795305819545,0.25542951439388106,-0.16906646010771564,-0.3390147690995774,0.07784204475893311,-0.09618419818960816,0.15646010975290062,0.12117060995194132,-6.663102218816684e-05,-0.006859841699697609,0.02664601370399218,0.13503392375566217,0.012644131058142823,-0.00046711754287321277,0.050433234590164355,-0.0015525793112776845,0.015495446093230388,-0.014345919228250611,0.028321250586358798,0.006873781496235372
orestes,superfamily,classified_conditional,-2.1973730815650474,1.9818560919005734,0.483960318089533,-0.5225278556207973,-0.3755267812076049,-0.068502832160734,-0.32242094471233124,0.32622243383285093,-0.13560483858204453,-0.12686548488862984,0.50232057953641,0.1422477110658372,-0.03465609072982103,-0.31484802111381416,-0.08564733252504943,-0.11113341976243889,0.039357521640049006,-0.03831390040089203,0.1958298182052624,-0.03445850387615897,-0.0005908505652835661,-0.005186745808721405,-0.03837418531002911,-0.0036684382925228076,0.009945250740775492,-0.011500403244286911,0.01989861041003545,-0.0020356165403835206
organi,superfamily,classified_conditional,-1.1564066508166635,-1.1388667554086662,0.6279053602404419,-0.34782057608129147,1.350895040945458,-0.6214699325507265,-0.7012013927581987,-0.7160298973565691,-0.5538300100638599,0.12362963291178343,-0.2799518776972349,-0.24456217231136024,0.08796483539526287,-0.054940272937129685,-0.0967310324578723,-0.17387019548403843,-0.017031746365877343,-0.014959880313157398,-0.0013823361179971234,-0.09600592495283873,-0.005028771092951077,-0.01768921712225627,0.038512041428310974,-0.022627985708998523,0.008622592144364791,0.012047805281618133,0.004704870177588475,0.006030213787466868
pascagoula,superfamily,classified_conditional,-1.132865994784219,-1.4144813659136504,-1.1856424737227715,-0.28979505674409944,0.36153503904528067,-0.09725804211328938,0.6733712153094037,-0.28346000402703553,0.33601602955520854,-0.34772947091544365,0.033936004123389873,-0.1244347462323731,0.062071866965739686,0.23711154924309089,0.009346944431685466,0.18224297502991707,0.16656293749542408,-0.017684871617326788,0.030751677212116826,-0.061781819449618476,-0.08248417584979335,-0.0045343312035901326,-0.031076896560455543,0.015088453200821687,-0.018965943991769756,-0.008888637300168842,0.019844784325411355,0.010995702783056465
perlapsus,superfamily,classified_conditional,-1.1799730156462223,-1.5439055081237283,-1.2757758004508832,-0.33763255552936783,0.08765373793807828,0.10242092088760689,-0.02242604417993748,-0.35793961856925205,-0.003886406723221867,0.0460385908026228,0.10638358874862881,-0.09384734639277144,-0.16266008268774793,-0.34525442948724155,-0.11524912033468256,0.0744217904004624,-0.00765784232769449,0.06306397271615147,-0.13317655420346503,0.02961691283035863,0.04805393531110222,-0.01653940823479141,-0.056483672728223036,0.024576967640628933,0.03584708286753751,0.014314139790755442,0.017066561889925287,0.005588528488903601
santeetlah,superfamily,classified_conditional,-1.1841220719479288,-1.5262948881759262,-1.321934921026792,-0.28032277743973044,0.06765377988011025,-0.06743821654295291,-0.356060761343962,0.16652505935758327,-0.048234261258243864,-0.2846170595472377,0.18542464843103731,0.2486188926388959,-0.13282358051219348,0.034378644396017954,0.42524756126333424,-0.012645488915298824,0.09551877259159877,-0.001582973999712951,-0.09060549528388535,0.0007011409500558257,-0.010351286895614185,-0.04180407376749346,0.040929937015000424,0.01882983496830991,0.0418276227665807,-0.009157177684161905,-0.003942576614843822,-0.012754985915819313
tilleyi,superfamily,classified_conditional,2.8720199819243435,-0.6845090557340001,-1.3105542359433386,0.1546531155037126,-0.38212156915169954,-0.2640396694419843,-0.4997893173425621,0.1393842573731602,0.08923120975941323,0.45847942294062954,0.5362165806867724,-0.4863306271967663,-0.12748133238959616,0.2636855729272903,0.060125456073947,-0.11644677472549057,-0.012491263017345435,0.05588945013851717,0.06717137926709338,0.08725458465257604,-0.018615101299277237,-0.05366597760635665,-0.0226055122987187,0.0007726963432425051,-0.007780853043252892,0.0189449493677995,-0.012746175293660554,0.0032865138054442955
valentinei,superfamily,classified_conditional,-1.7391280002051932,0.7778925055555651,-1.6369930577974736,-0.08255073218134959,-0.24727392588804623,-0.11411918644012295,0.4351188704828953,-0.5382347834534168,-0.1645578688827383,-0.5684683327353177,0.0581791646952164,-0.07864883989995186,0.15689287798195575,0.19118252657768586,0.13797187307574268,-0.008404716138692434,-0.007831816995524665,0.1460032172165446,0.08598402551711444,-0.0827789729214273,0.024634476358164754,0.028136585101368863,-0.0009913941658299345,-0.03298828335263643,0.021177270281522408,0.025324299205414395,0.0029730931719602473,-0.004826603840378456
valtos,superfamily,classified_conditional,3.7082811818654164,0.2693074158396622,2.811954301886694,-0.18587238633486483,-0.019829260992590903,0.26962876310413475,0.7314393386301031,-0.23597931746862488,0.21090852541809252,-0.37052333713899394,0.45637986741570113,-0.28488423005016134,-0.1924229761995061,0.01708884091734394,0.007173428443316732,-0.134022698278339,-0.008566799096228575,-0.06846478712748967,-0.10667806764617213,-0.039847464033889925,0.01382283157236813,0.015205200733443091,0.028998799671942,-0.04242312523007447,0.0011379928388354876,-0.02759175218127394,0.005469045212486211,-0.0031191640462090455
welteri,superfamily,classified_conditional,2.469763522949184,-0.4783465623854532,1.5907242031963935,-0.6151343469550311,-1.5707215126770673,2.118286968034421,-0.25243118270972376,-0.754859223457157,-0.11451189929453426,-0.05302422279189274,-0.342049868403754,-0.05730617275037826,0.03734659526753732,-0.04203174581178841,0.02762584568517931,0.02245353598743331,0.02853466065442552,-0.036990146197179254,0.054915894223692974,0.019617420074411283,-0.03102531414903612,-0.014014663028243267,0.012825659469591553,0.016544567223062016,0.008588196978165437,0.015828430371226613,-0.0012030377046541635,-0.0009724501900030735
wrighti,superfamily,classified_conditional,0.5830900438212145,-0.7084489369304435,1.6382891303352578,-0.4307322519181532,1.0880355348453616,-0.4206024623929153,-0.18986355479759304,-0.8103980091414146,-0.3059581721509101,0.1540612112650895,-0.09459886624073612,-0.05995131597870073,0.04538582367978093,0.09067035522712967,0.06379060567298153,-0.006710430766849771,0.03989946015946967,-0.12854540955169613,0.07449758777200575,0.049430005062094794,0.013645157084201097,0.03658047070104661,-0.041942655403596645,0.05600297508697921,0.007056620102685365,-0.021760033864453236,-0.015397139374071273,-0.009441887746230095
