species,Academ,CACTA,CR1,Chapaev,Copia,Cyrypton,DIRS,Dada,EnSpm,Gypsy,Helitron,IS3EU,Jockey,Kolobok,L1,L2,MITE,MULE,Maverick,Merlin,Mutator,P,PIF-Harbinger,Penelope,PiggyBac,Tc1-mariner,hAT,tRNA
abditus,3.5772267127217775e-4,0.0097555712253259,9.003283951521297e-7,0,0.00754284029519336,0.0016630792115656,0.07266594260366027,0,4.05124344613653e-4,0.5732762875559996,0.0019566491680402,1.4152422375850256e-5,9.973529629853117e-4,1.750497398755167e-4,0.05155984496779167,0.09701477645355312,0.00272396699273757,1.2574011033226017e-4,0.00460450141159035,1.3554258990030008e-6,0.02231114649300297,9.647943748981596e-5,0.04795643349868978,9.878575817328783e-5,4.3965008857788416e-4,0.01181499842964228,0.091885472387102,5.561760161153751e-4
adatsihi,3.8953963030946705e-4,0.00947572816084308,1.8808693187327717e-7,0,0.00767293810763753,0.00225368982437202,0.0778852100559364,0,3.9952884996525737e-4,0.5534171369688072,0.00195331370590374,1.8704343588137748e-5,8.86520699784902e-4,2.0403953788277577e-4,0.05399222306914304,0.10411894921602598,0.00223394456132529,1.7107021760537225e-4,0.00415055426191396,9.40434659366386e-7,0.02517341840565381,1.070678418355347e-4,0.04777652582592676,1.277380803417452e-4,4.370534811406328e-4,0.01306605519003923,0.09357614334213292,5.117781002939039e-4
aeneus,4.3006682413481025e-4,0.00773110448602551,2.0068259938535817e-7,0,0.00722077398732453,0.00226555536616915,0.08081732173500827,0,3.2177715562247506e-4,0.5326221599567443,0.00144099739123457,1.6593775201177317e-5,0.00101691893586542,1.552025708286524e-4,0.08032028846534256,0.10524334143864934,0.00185945138228495,9.085436427773524e-5,0.01047743114189018,2.0068259938535817e-7,0.02061226096376167,6.84675513743006e-5,0.04346270686290434,6.979607018223167e-5,2.73423352242571e-4,0.01018875858786231,0.09259033030508242,7.040159647877708e-4
amphileucus,4.543748697725003e-4,0.01174296710463798,1.9275115588049405e-6,2.609850650621889e-6,0.01003031268927761,0.0017642821699591,0.0854551237080131,5.706719221768492e-6,2.135580006539404e-4,0.5282073275122913,0.00367687350429118,2.812239364296408e-5,0.00108150617552215,1.3082534952691478e-4,0.04114101231236558,0.09841039021250753,0.00314178473049758,1.4624415698964843e-4,0.00441370206286784,0,0.0273110436325009,1.2692149611648185e-4,0.0542819405852272,1.1959695219302306e-4,6.841419576282844e-4,0.0142869970905498,0.11254266338021662,5.980438713195853e-4
anicetus,4.546006610056245e-4,0.00967839704801439,1.4666128791281956e-7,0,0.00786712347586889,0.00200520379315262,0.08002376515508752,4.839822501123045e-7,4.0598911048470265e-4,0.5373284589912093,0.00206858413536636,2.0848568719025084e-5,9.603101142799954e-4,2.0126328540276224e-4,0.06112496092909958,0.10024428224103024,0.00246467760877025,1.582395299513189e-4,0.00296586322795473,0,0.02393975135093245,8.234897987861261e-5,0.05079987693144683,6.832949403858263e-5,4.2178453119291336e-4,0.01548313349457346,0.09860828624063822,0.00262329045836353
apalachicolae,4.068488485619241e-4,0.01028182901486,0,0,0.0080203524711148,0.00193502382092522,0.0744333254941065,0,3.7082812336820744e-4,0.5552111465899545,0.00193917167754492,8.552070261635362e-6,9.5494913458817e-4,2.720409448513853e-4,0.05655276927545502,0.099440567195449,0.00246629683201221,1.4900751917192907e-4,0.00371781643312396,0,0.02338023340619837,9.57352481671588e-5,0.04750230250904872,8.954166251005119e-5,4.762882751737097e-4,0.01337060427754353,0.09830153192855189,6.232372474571216e-4
aureatus,3.648575057670771e-4,0.01027285665456699,0,3.1605830467597652e-6,0.00803518397254809,0.00133128434687251,0.08816753666890471,0,2.0471249771401468e-4,0.5705050369573362,0.00325329599718392,8.938641790955422e-6,9.93981995925996e-4,1.4073897785824005e-4,0.03738751495622722,0.08004530465731223,0.00755041163275194,1.8164175010419427e-4,0.00460258837570393,0,0.02796438369388675,1.0302696128956356e-4,0.04580223919086821,8.378813775552826e-5,7.527379858123212e-4,0.01317555045671066,0.0981939608781019,8.752665239600142e-4
auriculatus,2.6594091456704985e-4,0.0096204107031434,0,0,0.00587369227379195,0.0012275950399161,0.06092308532524644,0,3.801600770930311e-4,0.5836217139405835,0.00133335433290618,1.289371507601695e-5,8.501112917078153e-4,1.439124549687638e-4,0.06053929005313761,0.07926864498259933,0.00222578803363081,1.2212798747517894e-4,0.00695987640696217,0,0.02718203175562171,8.695337927570879e-5,0.05289821694036464,4.4513236063056166e-5,6.892742426488715e-4,0.0104217484801553,0.09463748848520118,6.711759478641132e-4
bairdi,2.4812591273560365e-4,0.00843981189500815,0,8.004563457862677e-7,0.00611591841714464,0.00136694731822763,0.07217463246681953,0,4.2009600192419665e-4,0.5979428585395449,0.00140000173827052,3.342294105111151e-5,9.312406228154364e-4,1.7575819799391332e-4,0.05280708386588609,0.0863244416744002,0.00228749365282388,1.1255325559307689e-4,0.00599393796342234,0,0.02068062484814063,6.243559497132889e-5,0.04407456698111496,3.876051318646658e-5,4.444937677641485e-4,0.01118869265363229,0.08543314729308014,0.00130215342810302
balsameus,3.9470619522853086e-4,0.00965874612143851,1.3242668238738087e-6,0,0.0079803932868159,0.00192861926030418,0.0845179053437119,2.3044643219072923e-6,4.0533767067658927e-4,0.5395780171621887,0.00195767311430712,2.4474264603959857e-5,9.868841786527217e-4,2.582787067267276e-4,0.05585694517083525,0.10290168278759484,0.00212437870348287,1.6681227733880312e-4,0.00403929787004924,0,0.02654290541025863,8.977142119744756e-5,0.04960457472655251,1.6275679354081694e-4,3.495570982272743e-4,0.01348727085656368,0.0963020477069884,6.773351415696713e-4
campi,3.1756989867783345e-4,0.01001320361823299,0,0,0.00723504585259911,0.00159811637093506,0.07899349925722624,0,3.375547998726102e-4,0.5545385050747534,0.00166764705808939,8.732017276105875e-6,8.94834569526297e-4,2.2325528630458123e-4,0.05870473847895786,0.09456809323672952,0.0020778574268516,1.1175934050697603e-4,0.00475223629796347,0,0.02614542764098253,5.785857814849938e-5,0.04826882220696184,5.2905102776457005e-5,4.439648834285416e-4,0.01362677217631725,0.093572597759267,0.00178900306761476
carolinensis,4.875180258638662e-4,0.01004197182757729,0,0,0.00897018948427695,0.00218252675252937,0.07936877395786347,0,4.258495731406971e-4,0.5388745380030583,0.00235123606581225,1.965291294237315e-5,0.00107794658433056,3.4888250025189206e-4,0.05447149428313456,0.10274054851304762,0.00246264033399602,1.608627318616469e-4,0.00248763064110462,0,0.02358800217178686,7.404511326231028e-5,0.05192877741119264,9.283081358826386e-5,4.213598597752096e-4,0.01388961060756346,0.10276457264634031,7.685391856993587e-4
catahoula,2.877569578327342e-4,0.00938899748012037,6.030786295605841e-8,0,0.0067153220855738,0.00154177989769475,0.0724224555400316,0,3.420916620066781e-4,0.5853656687797979,0.00163672055608438,1.777071695105188e-5,7.387927640074332e-4,1.8816053242290225e-4,0.04826666638147748,0.0894257951402096,0.00315493482128538,1.4914804596399424e-4,0.00396133806036548,0,0.02804184960420311,1.0572236411143512e-4,0.04467524871143606,8.021615860521946e-5,6.98547316794757e-4,0.01111051357187044,0.09047564916047073,0.00120879338281971
cheaha,3.254759254542259e-4,0.00871034552042199,1.818009086942367e-7,0,0.00732652307627449,0.00178940283848049,0.07995793112030275,1.0164663134733248e-5,4.749884946796849e-4,0.5707295887381778,0.0016262315420806,9.964184050488235e-6,8.371110005645367e-4,1.975503463186525e-4,0.04733509790291481,0.0911325431304538,0.00226897122180523,2.097608922820476e-4,0.00309143604231455,0,0.02495906073900371,6.388060559536328e-5,0.04903713917870921,6.842189267760904e-5,6.243105465145258e-4,0.0124171988072655,0.09593700695142174,8.597128381926811e-4
conanti,3.734693606169046e-4,0.01020231641271504,8.262479856136705e-7,0,0.00817948344364879,0.00181529449777074,0.06876481145876866,0,3.1722519750051364e-4,0.5491824792093176,0.00205169893736747,5.502126338648738e-5,0.00102668494112851,2.2924098816164932e-4,0.06932038482119092,0.09475608907109838,0.0023727193409263,1.7313387415292006e-4,0.00363850358150894,0,0.02392823259018371,7.38641979100757e-5,0.04846122731242126,7.656960000651088e-5,5.393159120258954e-4,0.01455489064965687,0.09889214153129348,0.00101437555925672
fuscus,2.885280226032342e-4,0.0088283786824778,0,0,0.00706304185234898,0.001387931298642,0.07308673156948031,2.0199717222662325e-6,3.943633187848611e-4,0.5796541116384131,0.00177295536545169,2.5588802274288655e-5,8.691776224415367e-4,1.7680862360841329e-4,0.05585778052427431,0.09457731546194524,0.00264745598745024,1.349652834505057e-4,0.00588220379039588,0,0.02397833243665915,6.990723124003476e-5,0.04508205184363411,5.406167528536855e-5,4.183910071108304e-4,0.01132924208011326,0.08549102753810615,9.276283720863972e-4
gvnigeusgwotli,4.7315964281531927e-4,0.01283546983184236,0,6.288326194525676e-6,0.00924026854790555,0.00190017711785046,0.08365180505081313,5.7209777197389135e-6,2.5779698569269985e-4,0.540314584383503,0.0037979320941355,2.2527071793003796e-5,9.550348877659372e-4,1.6657582266629527e-4,0.03826752369779601,0.0964712748855102,0.00302511747068902,1.5534309302181798e-4,0.00589630380157403,0,0.02764925042182648,8.707772212909314e-5,0.0526214888864668,1.5654196966310947e-4,6.749816685792835e-4,0.01375134740609734,0.1069225153794084,6.913911321577316e-4
intermedius,4.204788075945063e-4,0.00992584241881021,0,1.3398380011835533e-5,0.00942992133388191,0.00181421588789428,0.0813471087663889,0,3.12336574444168e-4,0.5473435590045186,0.00291360072751816,1.2272433358866989e-5,0.00111803036213365,2.1449091159805744e-4,0.04036691943826662,0.1007288103756716,0.0021841066955265,1.021684249675987e-4,0.00678961109693478,0,0.02334035800366114,1.0227883706811784e-4,0.04870819800281585,8.728975249182619e-5,6.460045099363092e-4,0.01616547543671949,0.10511743074739612,7.960930703908531e-4
kanawha,3.4758833977135576e-4,0.01051677570460963,0,2.118833882685708e-5,0.00831939700536305,0.00165914407490998,0.08136574916899036,0,2.826874223327106e-4,0.5645011205238231,0.00258034210703932,1.6184805843638874e-5,0.00135855480976735,1.683684357351145e-4,0.03627224935185544,0.09507473271858918,0.00238647220748207,9.134687992086127e-5,0.00646788319249042,0,0.02297755935989606,8.037863257344757e-5,0.04818948044469743,1.0334047296039892e-4,7.639800703852978e-4,0.01334913597653978,0.10222369184160472,8.82648113992416e-4
lycos,3.305765433919914e-4,0.00952111554873169,5.386157089669025e-6,0,0.00734282775595998,0.00170320793538956,0.07516589712731714,0,4.43365911653484e-4,0.5576062771936255,0.00177942515218763,2.031493617540774e-5,9.790996118525337e-4,1.7172638173473478e-4,0.0557562698166574,0.09589862319687067,0.0022334146036985,1.274508802024738e-4,0.0039875955182823,0,0.02413797281114771,8.89788938135179e-5,0.04902893854627006,6.197569608457346e-5,4.6206802885190697e-4,0.01418115783639762,0.09655966832352723,0.00240666559308658
marmoratus,4.5731364009476375e-4,0.00991398399720859,1.1154798730362849e-6,1.0688742071080562e-5,0.00992679928196,0.00187684964167412,0.0731448752838874,0,3.074878845451641e-4,0.5393073943701492,0.00324527858308873,3.735711533706105e-5,0.00135591035393537,1.5788879043095318e-4,0.05043216173370184,0.09689307759447864,0.00261190758312411,1.4592921626707558e-4,0.00635739229950779,0,0.02272290822126264,1.2558953588807036e-4,0.05002405272576917,7.657973069010174e-5,8.227300753067848e-4,0.01546232867715819,0.1133820807036394,0.00120031873895071
mavrokoilius,3.852670109239595e-4,0.00968521002564023,1.051746030349847e-6,1.5493463027734302e-6,0.00899904689442769,0.00163348724176776,0.08193397749112707,0,3.4475908167618403e-4,0.5551846304344138,0.00294476951117684,2.140183797959211e-5,0.00101372484589784,8.126340206541811e-5,0.03962121687141368,0.09992279405066098,0.002428879915609,1.0495973019007452e-4,0.00616526234906282,0,0.02341661645636981,7.275896104581504e-5,0.04776306813291205,9.413943739755058e-5,6.037901810649274e-4,0.01322526276372971,0.10340108278321906,9.500294978949372e-4
monticola,4.095188781480598e-4,0.00956246151278012,0,0,0.00802730629840308,0.00189195760148655,0.07271737529867116,0,4.2314235594179865e-4,0.5557825983162302,0.00214459293884634,3.1242954095590554e-5,9.727986640102104e-4,1.6500085231771063e-4,0.05591349955503885,0.0993249749610094,0.00260978087141062,2.031092515301196e-4,0.00286205049498695,0,0.02244107495485058,1.0445604036183036e-4,0.04944240514539141,7.516313353819886e-5,5.520002009533304e-4,0.0127347408724246,0.10105665913625332,5.520897113199121e-4
ocoee,4.82154827121805e-4,0.00968614857277452,4.369506517820701e-7,0,0.00746353582246528,0.00183631446154598,0.07598313577090042,1.933017510271725e-6,3.6098254189626975e-4,0.550584256107676,0.00201811462795401,1.4851104839375077e-5,8.679913829574997e-4,1.2907261387581586e-4,0.06465607445939624,0.0945549393223847,0.00217533729844702,1.6047827893136415e-4,0.00460280947060564,2.6217039106924204e-7,0.02550622474289908,6.361349324795027e-5,0.04836761588582798,6.467521811526551e-5,4.731653826678289e-4,0.0127365180291591,0.09637111361970928,8.382448260484195e-4
orestes,0,0.00993785701163688,8.114932345438026e-4,0,0.00885380663169079,0,0.07840450469240953,9.920366312150869e-7,0,0.5802256188763918,0.0020489005278265,1.3098062259778847e-5,2.7924144237894648e-5,0,0.057543397593073,0.10108761051668552,0.00284885558385211,1.3938545231751994e-5,0.00319845182811517,0,0.02432606925487165,1.1299929206954896e-4,0.01915754232882294,0.01172668382773652,3.616233995878045e-4,0,0.09617419358681575,0.00312443902551001
organi,5.2707330323735e-4,0.01101298363643062,2.021517497469005e-7,0,0.01170462369457323,0.00202975725817272,0.08388089550101478,0,1.614790946180292e-4,0.4894838209037846,0.00239047905578273,2.2215923456774096e-5,9.541341051889596e-4,8.84856977470902e-5,0.09101936393334092,0.10284058903408838,0.00155438495723366,6.430225623284798e-5,0.0042126915432136,0,0.01798419364945761,5.170654070238528e-5,0.05216767099717437,8.458527665779554e-5,5.262190044045156e-4,0.0159047319836656,0.1109323954260137,4.0101507205784966e-4
pascagoula,2.1270268775778244e-4,0.00815640491842278,0,0,0.00624503241632513,0.00133109822456877,0.06575638734899866,0,3.400970122227483e-4,0.5734138635153644,0.00143581314053939,2.440171651570184e-5,7.268504546497303e-4,1.3609645044445893e-4,0.06646048663231982,0.08145111095331915,0.00179735547579583,1.7254844091013348e-4,0.00601843950260549,0,0.02287313520643013,6.351246116735104e-5,0.05089699019367575,5.1772767352377134e-5,4.769781480840413e-4,0.00930030331950083,0.10200490782729224,6.537111857373216e-4
perlapsus,3.773578228554289e-4,0.00966011070642724,0,0,0.00744571888227584,0.00187455064310887,0.08117022260181778,0,4.012535834305065e-4,0.5480108486623572,0.00189336073967336,1.7432864060730404e-5,0.00109970332716216,2.2873191328865976e-4,0.06510003302419741,0.09885217805896804,0.00230867141426065,1.2849165054800904e-4,0.0047482601686483,0,0.02290257789797577,6.620423953921726e-5,0.04667112050369296,5.213032129357412e-5,4.061140233286385e-4,0.01256255442778522,0.09343454147296676,5.878310503376836e-4
santeetlah,3.844472050408227e-4,0.00934264448673703,0,0,0.00750091456877405,0.00182087943485671,0.07524825172478083,0,3.406292253753235e-4,0.550230378198724,0.00208925118506295,1.2184678837465048e-5,9.186781910865264e-4,1.6354098231125414e-4,0.06061471520529106,0.100976346016793,0.00217315832927172,1.6669686289054423e-4,0.00421713955871167,0,0.02582157472546317,1.3583018369679243e-4,0.04946476427909862,7.600525266388964e-5,4.228581996108174e-4,0.01201919556641958,0.0951201937841787,7.39722154323384e-4
tilleyi,4.1001777349245595e-4,0.01050384712385613,0,2.316432721521478e-6,0.00829329872567107,0.00204216630028335,0.07870735357181452,0,3.836332637566663e-4,0.5345388762771851,0.00211216165663587,1.2335069826267255e-5,0.00102104707885071,1.627812101775407e-4,0.06209348228945392,0.10360777628091102,0.00271011216773235,1.5398637359894418e-4,0.00253040630783465,0,0.02582275512557107,6.865481601197942e-5,0.05058841155657738,9.601652981205756e-5,4.119931685539573e-4,0.01317612640994248,0.09977882055026724,7.716239394617439e-4
valentinei,2.4161011879596185e-4,0.00782256076341663,0,0,0.00592331862023902,0.00133677080309329,0.06278676644460696,3.381948663925681e-7,3.1988138273709115e-4,0.5686889334081765,0.00128268626310721,1.243792695270476e-5,8.375291628068198e-4,1.7185395299770294e-4,0.07436517346077819,0.07805321975023227,0.00176414371786815,1.5873500350582412e-4,0.00644565132576956,0,0.02456604540196357,7.39673868058047e-5,0.05440945259654998,5.928254875446439e-5,5.309948952762629e-4,0.01067448047219814,0.09893684424789954,5.373221506019567e-4
valtos,2.1881008858721208e-4,0.00744860989279902,1.9860219607093013e-6,5.9199647413948715e-6,0.0066652063848839,0.00131306294383341,0.06858394408856676,0,3.3393625729401244e-4,0.6113848992274895,0.00131425360448132,2.5592059966118535e-5,8.45690538389086e-4,1.7215166977767044e-4,0.0535002013591708,0.0788278941789919,0.00213471761572319,1.208889662426715e-4,0.0065627726586838,0,0.02123581247617257,7.576292768698654e-5,0.04267079747486643,5.032327228380013e-5,3.878981885178172e-4,0.00972594722224985,0.08577382143417225,6.190994824678e-4
welteri,3.4715859122067276e-4,0.00912042828528771,7.081751020758015e-7,1.740122040203382e-6,0.00753389899611862,0.00150673953995422,0.06982233016858773,0,3.036519023297899e-4,0.5620283829693181,0.00179032850210619,1.2145688052039771e-5,9.407693937353212e-4,0.00288443478224132,0.06298442299500628,0.09642489392446443,0.00245407410492693,1.804694513123821e-4,0.00627820025407867,0,0.02234481253322087,8.124247827700764e-5,0.04558367066761185,8.238598704628416e-5,4.336966185914561e-4,0.01321516099480577,0.09271778037201613,9.26472502547866e-4
wrighti,5.024391686667318e-4,0.01100755413361893,6.011750874518341e-7,2.126798658438092e-7,0.01100115672325435,0.00208565219372617,0.08778849775675203,0,2.1136692213866677e-4,0.4805750049717463,0.00237139610068196,3.417623657532785e-5,8.854543390648477e-4,1.1712280212018574e-4,0.0899061171521803,0.10330709818485108,0.00143418966092846,8.347826520946741e-5,0.0065862998606323,0,0.01997052455560613,6.248818031645573e-5,0.05440369542326256,8.879526185556263e-5,4.985981702895926e-4,0.01496869253124175,0.11156907718688285,5.403103634446527e-4
