species,te_level,composition_mode,PC1,PC2,PC3,PC4,PC5,PC6,PC7,PC8,PC9,PC10,PC11,PC12,PC13,PC14,PC15,PC16,PC17,PC18,PC19,PC20,PC21,PC22,PC23
abditus,superfamily,classified_conditional,-0.0094689333119827,-0.3615559457234346,-0.1073459167723841,0.1234659169910337,-0.1758105062319814,-0.2585066153876335,0.2704618792628339,0.0387899409149572,-0.1163967473385645,-0.0377290858755412,-0.179137363799025,-0.0181518202665826,-0.0333432798337503,0.0713987462449615,0.0304697785365431,-0.0304841738537158,-0.0099096262567597,-0.0131784053848598,0.0695771066649986,0.001725522348585,0.0007049645451132,-0.0101228087648862,-0.0153395359805205
adatsihi,superfamily,classified_conditional,-0.0040485470398098,-0.4123103248850717,-0.3825939315021803,-0.2310136203037474,-0.1834512494584024,-0.4296912589863559,0.3163465883307839,-0.0024189194612673,0.1520347731713218,0.0630197288464904,-0.0110315815659027,0.0918284393043043,-0.0211979257853972,-0.0747877482033687,-0.0463312196615181,0.0598105803571826,-0.0641359299696589,-0.040208700682347,-0.0160583712933982,-0.02199849155784,-0.0334396361927854,0.0013009147945422,-0.0122267397861346
aeneus,superfamily,classified_conditional,-0.1534603296878456,0.5716788941728838,-0.5681528066841781,0.5419376162027865,-0.4530670207454449,0.2809777438157198,0.4873114309907784,0.4515702643631839,-0.0729670792849398,0.1346756707649337,0.1109808432329177,0.2109519743948529,-0.0133816803935868,0.0258834430637132,-0.0142408293072406,-0.0541722002246617,0.0214156902426893,-0.0012392652546743,-0.0226834712610331,-0.0088362027517934,-0.0024794208256885,-0.0169157779180566,0.0008056866618367
amphileucus,superfamily,classified_conditional,-0.8811924812777582,-0.6386926015408846,-0.0354853351121484,-0.146028017663071,0.5674757223811883,-0.160680136726614,-0.0434015921086605,0.0286307922327183,0.0077912737858145,0.1725999191499935,-0.0082583864686831,-0.0842242022453339,0.0945740714791381,-0.1124415352505865,0.0637017191330516,-0.0110871427506904,0.0604314379701559,0.0035471212675436,-0.018262840150608,0.0010396006552831,-0.0002398526102771,-0.0239956967732305,-0.0010289737371694
anicetus,superfamily,classified_conditional,0.3564777862827991,0.3337979668917226,0.6772810230331119,-0.7378598786773605,-0.1321219938043534,0.6050895520878175,-0.0246224276175011,0.1032399297582293,0.1011338349281938,0.1960441744681334,0.0614722790357512,-6.51754042129097e-05,0.0021172486755938,0.0282973487785834,-0.0062137493032194,0.0009221337639765,0.0473256280371357,-0.0413194331622694,0.0264100931613942,-0.0051979598025699,-0.0241538307410054,0.0037716802613559,-0.0089417644261928
apalachicolae,superfamily,classified_conditional,0.5112638590239905,-0.6720626388303654,-0.1416908723278692,0.1434286015178985,-0.3940267387789219,-0.0096479529608368,-0.027226788225612,-0.0875651916590252,-0.0624760932540366,0.0981428434641164,-0.0488321534856962,0.0347962760262864,-0.0013058410142147,-0.0198478362120626,-0.010949217600861,-0.012868705009469,-0.046693731355962,-0.0293751319459272,0.0473722037356804,-0.024668532633608,0.0307056551874075,-0.0183445416563909,0.0228292665797296
aureatus,superfamily,classified_conditional,-0.1207342151098287,-1.0649004168247485,0.901850089419429,0.5505733262890853,0.4564610525903217,-0.0752271873630016,-0.4003139459073873,0.5564896651610882,-0.1379222228394335,0.0240248877725588,-0.0409091111858361,0.0116212516250483,0.0128272235741889,0.0826191890341347,-0.0740118256319896,0.0431475880186555,0.0119722259164739,-0.0273616955909438,-0.0111295635548484,0.0121311203030224,-0.0017629491812909,0.0011245663310467,0.004575257411771
auriculatus,superfamily,classified_conditional,0.0917330230531138,0.3966332345203461,0.2851099964584199,0.7870089238455985,-0.1124684330139692,-0.3912560024160278,-0.1807082363125014,-0.267531582458769,-0.0277920051094439,0.0827656557327575,-0.0983349714391464,0.0238598038100244,-0.1326649705824756,-0.0052752338743216,0.1960381417350876,0.0114477144985975,0.0469464107092717,-0.0054055532957962,-0.0109548978877807,-0.0117460248745703,0.010520260370587,-0.0257476669204688,-0.0009252635081318
bairdi,superfamily,classified_conditional,0.1491836715587605,1.1565234204499883,0.311086274387006,-0.053109387343607,0.3165676694536864,0.0057696575981825,0.0587069700839777,0.0476277461238538,-0.2106899290061464,-0.1848116281982391,-0.0827693577125385,0.014187798627698,-0.00096890607461,-0.0656014961433413,-0.0004021162755987,0.0222537506093567,0.0098418852863115,-0.0529561709360252,0.0387670486185529,0.0204574814753132,-0.0189227934007768,0.0068804275382935,-0.0001005753695843
balsameus,superfamily,classified_conditional,0.1364572684447418,-0.2439991246366507,-0.4977092119424256,-0.505012694912493,-0.0358437284481326,-0.2151412193006676,0.4400300863690867,0.1351716648908507,0.323526724534632,-0.0967255755976431,-0.0913812564218312,-0.0418456986241325,0.0633764761477435,0.0571640130223252,0.0355219059485291,0.1022998534946047,0.0536375722620957,0.0234827824677827,-0.0065890928487746,0.0382124733426908,0.0194472631932175,-0.0080914811672552,0.0209479961663696
campi,superfamily,classified_conditional,0.6446896501638557,0.2263234796210211,0.5060999776177951,0.2942876365464741,-0.3441234161217267,0.7433141177047181,-0.14762206729016,0.0149592331064294,0.1596086971121328,-0.0619693843770409,-0.0236436437587488,-0.0806832894329355,0.0672150992918702,-0.0818786110810429,0.0485280790569324,0.0192939133828509,-0.0369126102209599,0.0070889714958309,-0.0163114696988276,-0.0122229243118643,0.0183072364882986,-0.0094028315864899,0.0003877597500737
carolinensis,superfamily,classified_conditional,0.4570546865407697,-0.3778679906086176,-0.3123119902676987,-0.7195393287474101,-0.122182469645793,0.0792547751486672,-0.0951463342706839,-0.0431360742812562,-0.1868234399318955,-0.1667076968240204,0.0181492111702893,0.0152505878241146,0.0410697024847033,-0.0275000737879949,0.0466071577099411,-0.074262429211468,0.0857111038081569,0.0035201356265644,-0.038827286737328,-0.0427940893425982,-0.015702413698873,0.0115859262865901,-0.0071007779452487
catahoula,superfamily,classified_conditional,0.2453089533596483,-0.0083205344437959,0.5799947399478332,-0.0397319167918507,0.2680877079952086,-0.1856328031605416,-0.040966472250923,-0.023024657242494,0.26272628837078,0.1317488880344529,-0.2745251985864498,0.1573349663424114,-0.1746269034495123,-0.1113789674269335,-0.0536459947705187,-0.0483495545861606,-0.0052142106002952,0.045280108901462,-0.0392031197276886,0.0101321876158229,-0.0125451004375437,0.0211596112199466,0.0114943208898005
cheaha,superfamily,classified_conditional,0.5119402341266744,-0.2725826695008275,0.4177541611852981,-0.0635748350418046,-0.4326643458570424,-0.1979642973000796,-0.2488894789516774,-0.2404423766582273,0.1363555515791505,-0.2888315794699104,0.1825518146937219,0.1324951024989629,0.0205762449355691,-0.0588119760781166,-0.1592169517389417,0.0268882980243247,0.026726847045031,0.0023561186583991,-0.0011945485164164,0.022842775874744,0.0293948763957107,-0.0171433035972409,-0.0215481454279757
conanti,superfamily,classified_conditional,-0.1319897279785853,0.5762528630070601,-0.214013070738152,-0.806550930720635,0.4881069051603218,-0.1242048411248258,-0.2664330480716461,0.0319454361659808,0.0559417771736532,-0.0036816701914153,-0.0269474621239028,0.0743500016383103,0.0007204512992892,0.0833631321806896,0.0669649414722146,0.0588337113907274,-0.0729653123392845,0.0165398407500863,-0.0078959408641385,-0.0327467027699477,0.0051292294463639,0.0009517561820392,0.0010890659078104
fuscus,superfamily,classified_conditional,0.0754422008769706,0.5979957185662541,0.133102043037084,0.0296608384834746,0.1814593438694484,-0.155015535996575,0.0602411429164328,0.2114351058231577,-0.1327787246926916,-0.1391315969308146,-0.0063237906538149,-0.1190745707003469,-0.0666209452030262,-0.0390977337874715,0.0042538976814619,0.0225608415431886,-0.0361916105532442,0.0627747068615579,0.0021851880923876,0.0146826695764335,-0.0114663741483768,-0.0249118460544977,-0.0290898519490066
gvnigeusgwotli,superfamily,classified_conditional,-0.5918031055138089,-0.6862911288491759,-0.1023083912067226,0.0178233296465518,0.51201690498611,0.0226813531493369,0.137677769266968,0.0918461424712494,0.2709498397818113,-0.2105630800305162,0.1785873013788129,-0.051188457826905,-0.1194936378639254,-0.0407958481580827,0.1009108086888684,-0.0427442994924985,-0.0291000047392887,-0.0602668020227487,0.0098362182782826,-0.0239634343927611,0.0150911416889249,0.0184330285172878,-0.0120907232240754
intermedius,superfamily,classified_conditional,-0.0779544867505741,-0.4503298845662378,-0.04419846399876,0.483427986211812,0.1747734615988458,0.4080918383459493,0.2352519976486394,-0.3225535649617886,-0.1426662909048591,0.0392251082372892,0.0896880519082555,-0.0576314436768185,0.0229383614118817,-0.075033808200766,-0.0636123594266582,0.070077090088836,-0.0087595868568863,-0.0049616574580248,-0.0206140952295641,-0.0406604585128615,-0.0371283015285807,-0.011677566523448,0.0125537182595279
kanawha,superfamily,classified_conditional,-0.3428699878755374,-0.2901157810798501,0.1097200856510949,0.4129032895149831,0.4027311634415929,0.3759754295591206,0.2352635178541046,-0.2867031499180268,0.0169286287100127,-0.2513521536129409,-0.1266499494193843,0.1559916265573264,0.1501422252237184,0.0430950765039758,0.0599573710304098,-0.026354894541673,7.911117243376637e-05,0.0038081180371068,0.0236478908493623,0.0408564507138361,0.0068352874392049,0.0245528625988041,-0.0049760086556097
lycos,superfamily,classified_conditional,0.2755626269989371,0.5624443810372076,0.7514764304659163,-0.3598382900420678,-0.0460896214280706,0.464292175714993,0.1676361538413228,-0.0734510175843284,0.10098054047833,0.1527964107606532,-0.0979485533503841,-0.0412834352588775,0.037262158989866,0.0190392605460206,0.002164491222897,-0.0018131229968875,-0.0021899167728426,-0.0322117411019778,0.0031064915670494,0.0019929708519013,0.0060769763760482,-0.0099419945770818,0.0079480130799062
marmoratus,superfamily,classified_conditional,-0.5748050147720736,0.2080426767022374,0.2217244680598071,-0.1317841522264391,0.670428766954844,0.1366647819057158,0.0595647019345842,-0.2498416280410148,-0.1904710312752198,0.2828268428941224,0.2027592741552021,0.0952752024364606,0.0306607919712082,0.1361361587232209,-0.0261785649846646,-0.0137624962089656,-0.0276914575172513,0.0216716981551982,-0.0258228862453455,-0.0035541931817809,0.0320286495880233,-0.0057415351927262,-0.0044096059179538
mavrokoilius,superfamily,classified_conditional,-0.9075150506899744,-0.0178992932705437,0.4002366863458502,0.1418695010672482,0.1198442588100807,0.2169546676685159,0.2979881514839525,-0.0480602968253258,0.0346173967859273,-0.2698368638675275,0.0939324566777343,-0.0781794523439959,-0.0404802750286984,0.0304234690333743,-0.0573166841801421,-0.0315082170770216,-0.0021033427380711,0.0650861599177042,0.0141156947771565,-0.00050167952605,-0.0309157560872973,-0.0086886648616049,0.0131253056910835
monticola,superfamily,classified_conditional,-0.2362299334041741,-0.0740455330027466,-0.0739801235515707,-0.6356671170918237,0.0274356790517128,-0.6416878753244312,-0.1501372551680254,-0.1160584719072406,-0.2366566784879814,0.0776035708258066,0.0632430990176748,0.0639388343619477,-0.0144665689603149,-0.0321772600295954,-0.0286900010835216,-0.0165433018621131,0.012492508896027,-0.0054098519597872,0.0434509306279154,0.0239430661994432,-0.0152562417059075,-0.0202473583764816,0.0127044430566205
ocoee,superfamily,classified_conditional,-0.1677719665953427,0.0606278193100482,0.1503250317312466,0.0158682318284557,-0.4337815947689374,0.057756150210013,-0.1768972238523741,0.1106868563750564,0.0313540433612095,-0.037884573572685,0.3067846808038382,0.0372089527768048,-0.1251460011077857,-0.0036880428770501,0.0806221663844244,0.0521603704700108,0.0257572443124731,0.0481849508160277,0.0483370906428732,-0.0143771833743779,0.0083666854946591,0.0289200776398393,0.0154214671007257
orestes,superfamily,classified_conditional,0.2747125189595711,-0.3364475875358406,0.3331832264406825,-0.2140167387495493,-0.4798460782102461,-0.1479091924738785,0.2989540959903861,-0.1798434212247013,-0.2671753124263907,-0.0114230107513978,-0.0823695412565029,-0.162658150002777,-0.1646391614722223,0.1457138335660232,-0.0615040401979847,-0.0052172667656047,0.0025604081223058,-0.0140045028681764,-0.0420276921491371,0.005703618294632,0.0144206421967463,0.0219656138896725,-0.000604208083752
organi,superfamily,classified_conditional,-1.3391794671241628,-0.0752811753739413,-0.8617149018684879,0.0394828560469738,-0.3642141220507143,0.5491166692393585,-0.5195083273652416,-0.0500848002352058,-0.040006812446698,0.0208060299205275,-0.2276499341675505,-0.0052319050537411,-0.0085139609001886,0.0181196867505265,-0.0679417250913836,0.006119014556879,0.0007169801450818,0.0197663231951574,0.0344292409422415,-0.013390429350889,-0.0158391129247139,0.0098303293054012,-0.0005984394939714
pascagoula,superfamily,classified_conditional,-0.0846348819408501,0.7562293531594236,-0.035571460561604,0.2072356208267325,0.0137222578817958,-0.5720932113905227,-0.1862331045057435,0.0034130463899517,0.2526140943548482,-0.0860644279233137,0.1237620762143143,-0.1264087321733347,0.0791667242242709,0.0220853915921438,-0.0670397029574358,-0.1141101881139161,-0.0271561312054249,-0.027698606721207,-0.0054385613035704,0.0081867305943829,-0.0074284449484671,-0.0020846003492397,0.0233723831811861
perlapsus,superfamily,classified_conditional,0.2031396686370135,0.1792152668106217,-0.3161056446596866,0.0576844690893141,-0.2461476431685936,-0.0576730170625693,-0.123601170331171,0.0629264837496889,-0.4119173265189291,-0.1450763476914122,0.0661141706780351,0.0131265253735299,0.061411377953072,-0.0819342241762682,0.0856828129787554,0.0298606556853237,-0.0395007746780897,-0.021353645681263,-0.0534979517665614,0.0474346704116785,-0.0049263900254928,0.0222672687820956,0.0133067845174187
santeetlah,superfamily,classified_conditional,0.0822570776743079,-0.3025516630043759,0.1133085396784142,0.0773756057243892,-0.3292353100393711,-0.1999055062481359,0.1193469775277381,0.0032789764825411,0.0067014013014281,0.4892085159045225,0.0820269409764684,-0.0968464888061297,0.1055338822934096,-0.0994370199166826,0.0243771204017178,-0.0234113371555299,-0.0237584792294897,0.0402140022837763,0.02690443477792,0.0364441230535698,0.0035831753179977,0.030356076921043,-0.0150044001890213
tilleyi,superfamily,classified_conditional,0.0551670909153749,-0.4860921163676541,0.1186203673660883,-0.3772076762811445,-0.563210204994885,0.0376020781929542,-0.1511780917872479,0.1446904530391979,0.0212923594230425,-0.1406681915192515,-0.0970188925118713,0.003638739950741,0.1008830875048824,0.0547912931365433,0.070316265708812,-0.057848382005097,-0.0500499507287038,0.0293706581572957,-0.0298441868549455,-0.011322738575391,0.0028030202910148,-0.0180908807580675,-0.0038471289491952
valentinei,superfamily,classified_conditional,0.2234660058093351,0.3014591016861191,-0.1668442008139596,0.6368559518375029,-0.2585367898159055,-0.4754213679115069,-0.2130361923948668,-0.1362228183893233,0.2649414287378147,0.0855256353370728,0.0349688490513218,-0.0092547421292056,0.1012283568815511,0.1632949311635184,0.0185513954074175,0.0383774018088582,0.0243358038422204,-0.0110456138537522,-0.0156513783606099,-0.0090364926131482,-0.0435207736394029,0.0131117330468827,-0.0123365074515831
valtos,superfamily,classified_conditional,0.0480389825584856,0.7115496208111582,-0.1640854526665004,0.2573225552958343,0.2363829639938535,-0.4307441173089037,0.1279887479742562,0.1176892935228659,-0.1009234259723004,-0.0434400624887838,-0.1256557347054822,-0.0509472789950318,0.1043868344877218,-0.0642836825419676,-0.1060874040643612,0.0192987229352005,0.0339455021159333,0.0135710472956404,0.0082028527505964,-0.0716851988913016,0.0499020094783729,0.0241292310895389,-0.002827475254155
welteri,superfamily,classified_conditional,2.386165504448161,-0.24189305001574,-1.102394843536617,0.1959233236884935,0.7507099947043847,0.3585690433615311,-0.1448766918174438,0.0020737059806451,0.0142568065559563,0.0434899339843608,0.0377467461156227,-0.0433308483712727,-0.0635127080732329,0.0343910970921081,-0.0308709146421152,-0.0259640204224085,0.0037300772876458,0.0214073783101156,0.0177672812651907,0.0163427594791595,-0.0063557364822447,-0.0029032859845879,0.0003990296043887
wrighti,superfamily,classified_conditional,-1.1044026803601972,0.3744656633144042,-0.8843665226141302,0.006799003938365,-0.0793825862909209,0.3862921047405354,-0.1719717632469785,-0.0295267657036536,0.1239076593434621,0.081393112824647,-0.0033809124972011,-0.0688503922371862,-0.1157275530867543,-0.021844972686199,-0.0604147521788999,0.0071500916493009,0.0147062385907791,-0.0396733442774699,-0.0321024123010406,0.0465745156728557,0.0287660550810423,-0.0062892633426316,-0.0079643725089706
