species,candidate_id,representation,k,cluster,cluster_size,mean_silhouette,candidate_status,rejection_reasons,PC1,PC2,reproductive_strategy,max_svl_mm,aquaticity_index
amphileucus,singleton_free_k2,all_23_pcs,2,C1,9,0.1789822345286468,rejected,gap_not_supported;mean_silhouette_below_0.25;feature_instability;species_subsample_instability,-0.8811924812777582,-0.6386926015408846,aquatic_eggs,122,1
aureatus,singleton_free_k2,all_23_pcs,2,C1,9,0.1789822345286468,rejected,gap_not_supported;mean_silhouette_below_0.25;feature_instability;species_subsample_instability,-0.1207342151098287,-1.0649004168247485,aquatic_eggs,73,2
gvnigeusgwotli,singleton_free_k2,all_23_pcs,2,C1,9,0.1789822345286468,rejected,gap_not_supported;mean_silhouette_below_0.25;feature_instability;species_subsample_instability,-0.5918031055138089,-0.6862911288491759,aquatic_eggs,86,1
intermedius,singleton_free_k2,all_23_pcs,2,C1,9,0.1789822345286468,rejected,gap_not_supported;mean_silhouette_below_0.25;feature_instability;species_subsample_instability,-0.0779544867505741,-0.4503298845662378,aquatic_eggs,85,2
kanawha,singleton_free_k2,all_23_pcs,2,C1,9,0.1789822345286468,rejected,gap_not_supported;mean_silhouette_below_0.25;feature_instability;species_subsample_instability,-0.3428699878755374,-0.2901157810798501,aquatic_eggs,87,1
marmoratus,singleton_free_k2,all_23_pcs,2,C1,9,0.1789822345286468,rejected,gap_not_supported;mean_silhouette_below_0.25;feature_instability;species_subsample_instability,-0.5748050147720736,0.2080426767022374,aquatic_eggs,76,2
mavrokoilius,singleton_free_k2,all_23_pcs,2,C1,9,0.1789822345286468,rejected,gap_not_supported;mean_silhouette_below_0.25;feature_instability;species_subsample_instability,-0.9075150506899744,-0.0178992932705437,aquatic_eggs,80,1
organi,singleton_free_k2,all_23_pcs,2,C1,9,0.1789822345286468,rejected,gap_not_supported;mean_silhouette_below_0.25;feature_instability;species_subsample_instability,-1.3391794671241628,-0.0752811753739413,direct_development,31,1
wrighti,singleton_free_k2,all_23_pcs,2,C1,9,0.1789822345286468,rejected,gap_not_supported;mean_silhouette_below_0.25;feature_instability;species_subsample_instability,-1.1044026803601972,0.3744656633144042,direct_development,29,1
abditus,singleton_free_k2,all_23_pcs,2,C2,25,0.1789822345286468,rejected,gap_not_supported;mean_silhouette_below_0.25;feature_instability;species_subsample_instability,-0.0094689333119827,-0.3615559457234346,terrestrial_eggs_aquatic_larvae,44,1
adatsihi,singleton_free_k2,all_23_pcs,2,C2,25,0.1789822345286468,rejected,gap_not_supported;mean_silhouette_below_0.25;feature_instability;species_subsample_instability,-0.0040485470398098,-0.4123103248850717,terrestrial_eggs_aquatic_larvae,50,1
aeneus,singleton_free_k2,all_23_pcs,2,C2,25,0.1789822345286468,rejected,gap_not_supported;mean_silhouette_below_0.25;feature_instability;species_subsample_instability,-0.1534603296878456,0.5716788941728838,direct_development,31,1
anicetus,singleton_free_k2,all_23_pcs,2,C2,25,0.1789822345286468,rejected,gap_not_supported;mean_silhouette_below_0.25;feature_instability;species_subsample_instability,0.3564777862827991,0.3337979668917226,terrestrial_eggs_aquatic_larvae,51,1
apalachicolae,singleton_free_k2,all_23_pcs,2,C2,25,0.1789822345286468,rejected,gap_not_supported;mean_silhouette_below_0.25;feature_instability;species_subsample_instability,0.5112638590239905,-0.6720626388303654,terrestrial_eggs_aquatic_larvae,57,1
auriculatus,singleton_free_k2,all_23_pcs,2,C2,25,0.1789822345286468,rejected,gap_not_supported;mean_silhouette_below_0.25;feature_instability;species_subsample_instability,0.0917330230531138,0.3966332345203461,terrestrial_eggs_aquatic_larvae,60,3
bairdi,singleton_free_k2,all_23_pcs,2,C2,25,0.1789822345286468,rejected,gap_not_supported;mean_silhouette_below_0.25;feature_instability;species_subsample_instability,0.1491836715587605,1.1565234204499883,terrestrial_eggs_aquatic_larvae,55,1
balsameus,singleton_free_k2,all_23_pcs,2,C2,25,0.1789822345286468,rejected,gap_not_supported;mean_silhouette_below_0.25;feature_instability;species_subsample_instability,0.1364572684447418,-0.2439991246366507,terrestrial_eggs_aquatic_larvae,54,1
campi,singleton_free_k2,all_23_pcs,2,C2,25,0.1789822345286468,rejected,gap_not_supported;mean_silhouette_below_0.25;feature_instability;species_subsample_instability,0.6446896501638557,0.2263234796210211,terrestrial_eggs_aquatic_larvae,57,1
carolinensis,singleton_free_k2,all_23_pcs,2,C2,25,0.1789822345286468,rejected,gap_not_supported;mean_silhouette_below_0.25;feature_instability;species_subsample_instability,0.4570546865407697,-0.3778679906086176,terrestrial_eggs_aquatic_larvae,49,1
catahoula,singleton_free_k2,all_23_pcs,2,C2,25,0.1789822345286468,rejected,gap_not_supported;mean_silhouette_below_0.25;feature_instability;species_subsample_instability,0.2453089533596483,-0.0083205344437959,terrestrial_eggs_aquatic_larvae,64,
cheaha,singleton_free_k2,all_23_pcs,2,C2,25,0.1789822345286468,rejected,gap_not_supported;mean_silhouette_below_0.25;feature_instability;species_subsample_instability,0.5119402341266744,-0.2725826695008275,terrestrial_eggs_aquatic_larvae,79,1
conanti,singleton_free_k2,all_23_pcs,2,C2,25,0.1789822345286468,rejected,gap_not_supported;mean_silhouette_below_0.25;feature_instability;species_subsample_instability,-0.1319897279785853,0.5762528630070601,terrestrial_eggs_aquatic_larvae,65,1
fuscus,singleton_free_k2,all_23_pcs,2,C2,25,0.1789822345286468,rejected,gap_not_supported;mean_silhouette_below_0.25;feature_instability;species_subsample_instability,0.0754422008769706,0.5979957185662541,,72,1
lycos,singleton_free_k2,all_23_pcs,2,C2,25,0.1789822345286468,rejected,gap_not_supported;mean_silhouette_below_0.25;feature_instability;species_subsample_instability,0.2755626269989371,0.5624443810372076,terrestrial_eggs_aquatic_larvae,74,1
monticola,singleton_free_k2,all_23_pcs,2,C2,25,0.1789822345286468,rejected,gap_not_supported;mean_silhouette_below_0.25;feature_instability;species_subsample_instability,-0.23622993340417409,-0.0740455330027466,terrestrial_eggs_aquatic_larvae,72,1
ocoee,singleton_free_k2,all_23_pcs,2,C2,25,0.1789822345286468,rejected,gap_not_supported;mean_silhouette_below_0.25;feature_instability;species_subsample_instability,-0.1677719665953427,0.0606278193100482,terrestrial_eggs_aquatic_larvae,54,1
orestes,singleton_free_k2,all_23_pcs,2,C2,25,0.1789822345286468,rejected,gap_not_supported;mean_silhouette_below_0.25;feature_instability;species_subsample_instability,0.2747125189595711,-0.3364475875358406,terrestrial_eggs_aquatic_larvae,52,1
pascagoula,singleton_free_k2,all_23_pcs,2,C2,25,0.1789822345286468,rejected,gap_not_supported;mean_silhouette_below_0.25;feature_instability;species_subsample_instability,-0.0846348819408501,0.7562293531594236,terrestrial_eggs_aquatic_larvae,56,3
perlapsus,singleton_free_k2,all_23_pcs,2,C2,25,0.1789822345286468,rejected,gap_not_supported;mean_silhouette_below_0.25;feature_instability;species_subsample_instability,0.2031396686370135,0.1792152668106217,terrestrial_eggs_aquatic_larvae,56,1
santeetlah,singleton_free_k2,all_23_pcs,2,C2,25,0.1789822345286468,rejected,gap_not_supported;mean_silhouette_below_0.25;feature_instability;species_subsample_instability,0.0822570776743079,-0.3025516630043759,terrestrial_eggs_aquatic_larvae,55,1
tilleyi,singleton_free_k2,all_23_pcs,2,C2,25,0.1789822345286468,rejected,gap_not_supported;mean_silhouette_below_0.25;feature_instability;species_subsample_instability,0.0551670909153749,-0.4860921163676541,terrestrial_eggs_aquatic_larvae,52,1
valentinei,singleton_free_k2,all_23_pcs,2,C2,25,0.1789822345286468,rejected,gap_not_supported;mean_silhouette_below_0.25;feature_instability;species_subsample_instability,0.2234660058093351,0.3014591016861191,terrestrial_eggs_aquatic_larvae,61,3
valtos,singleton_free_k2,all_23_pcs,2,C2,25,0.1789822345286468,rejected,gap_not_supported;mean_silhouette_below_0.25;feature_instability;species_subsample_instability,0.0480389825584856,0.7115496208111582,terrestrial_eggs_aquatic_larvae,62,1
welteri,singleton_free_k2,all_23_pcs,2,C2,25,0.1789822345286468,rejected,gap_not_supported;mean_silhouette_below_0.25;feature_instability;species_subsample_instability,2.386165504448161,-0.24189305001574,terrestrial_eggs_aquatic_larvae,75,2
organi,unconstrained_silhouette_k7,all_23_pcs,7,C1,2,0.2280589132065902,rejected,gap_not_supported;mean_silhouette_below_0.25;minimum_cluster_size_below_3;minimum_cluster_size_below_5;feature_stability_not_evaluated_after_prior_gate_failure;species_stability_not_evaluated_after_prior_gate_failure;six_pc_sensitivity_not_evaluated_after_prior_gate_failure,-1.3391794671241628,-0.0752811753739413,direct_development,31,1
wrighti,unconstrained_silhouette_k7,all_23_pcs,7,C1,2,0.2280589132065902,rejected,gap_not_supported;mean_silhouette_below_0.25;minimum_cluster_size_below_3;minimum_cluster_size_below_5;feature_stability_not_evaluated_after_prior_gate_failure;species_stability_not_evaluated_after_prior_gate_failure;six_pc_sensitivity_not_evaluated_after_prior_gate_failure,-1.1044026803601972,0.3744656633144042,direct_development,29,1
amphileucus,unconstrained_silhouette_k7,all_23_pcs,7,C2,6,0.2280589132065902,rejected,gap_not_supported;mean_silhouette_below_0.25;minimum_cluster_size_below_3;minimum_cluster_size_below_5;feature_stability_not_evaluated_after_prior_gate_failure;species_stability_not_evaluated_after_prior_gate_failure;six_pc_sensitivity_not_evaluated_after_prior_gate_failure,-0.8811924812777582,-0.6386926015408846,aquatic_eggs,122,1
gvnigeusgwotli,unconstrained_silhouette_k7,all_23_pcs,7,C2,6,0.2280589132065902,rejected,gap_not_supported;mean_silhouette_below_0.25;minimum_cluster_size_below_3;minimum_cluster_size_below_5;feature_stability_not_evaluated_after_prior_gate_failure;species_stability_not_evaluated_after_prior_gate_failure;six_pc_sensitivity_not_evaluated_after_prior_gate_failure,-0.5918031055138089,-0.6862911288491759,aquatic_eggs,86,1
intermedius,unconstrained_silhouette_k7,all_23_pcs,7,C2,6,0.2280589132065902,rejected,gap_not_supported;mean_silhouette_below_0.25;minimum_cluster_size_below_3;minimum_cluster_size_below_5;feature_stability_not_evaluated_after_prior_gate_failure;species_stability_not_evaluated_after_prior_gate_failure;six_pc_sensitivity_not_evaluated_after_prior_gate_failure,-0.0779544867505741,-0.4503298845662378,aquatic_eggs,85,2
kanawha,unconstrained_silhouette_k7,all_23_pcs,7,C2,6,0.2280589132065902,rejected,gap_not_supported;mean_silhouette_below_0.25;minimum_cluster_size_below_3;minimum_cluster_size_below_5;feature_stability_not_evaluated_after_prior_gate_failure;species_stability_not_evaluated_after_prior_gate_failure;six_pc_sensitivity_not_evaluated_after_prior_gate_failure,-0.3428699878755374,-0.2901157810798501,aquatic_eggs,87,1
marmoratus,unconstrained_silhouette_k7,all_23_pcs,7,C2,6,0.2280589132065902,rejected,gap_not_supported;mean_silhouette_below_0.25;minimum_cluster_size_below_3;minimum_cluster_size_below_5;feature_stability_not_evaluated_after_prior_gate_failure;species_stability_not_evaluated_after_prior_gate_failure;six_pc_sensitivity_not_evaluated_after_prior_gate_failure,-0.5748050147720736,0.2080426767022374,aquatic_eggs,76,2
mavrokoilius,unconstrained_silhouette_k7,all_23_pcs,7,C2,6,0.2280589132065902,rejected,gap_not_supported;mean_silhouette_below_0.25;minimum_cluster_size_below_3;minimum_cluster_size_below_5;feature_stability_not_evaluated_after_prior_gate_failure;species_stability_not_evaluated_after_prior_gate_failure;six_pc_sensitivity_not_evaluated_after_prior_gate_failure,-0.9075150506899744,-0.0178992932705437,aquatic_eggs,80,1
aureatus,unconstrained_silhouette_k7,all_23_pcs,7,C3,1,0.2280589132065902,rejected,gap_not_supported;mean_silhouette_below_0.25;minimum_cluster_size_below_3;minimum_cluster_size_below_5;feature_stability_not_evaluated_after_prior_gate_failure;species_stability_not_evaluated_after_prior_gate_failure;six_pc_sensitivity_not_evaluated_after_prior_gate_failure,-0.1207342151098287,-1.0649004168247485,aquatic_eggs,73,2
aeneus,unconstrained_silhouette_k7,all_23_pcs,7,C4,9,0.2280589132065902,rejected,gap_not_supported;mean_silhouette_below_0.25;minimum_cluster_size_below_3;minimum_cluster_size_below_5;feature_stability_not_evaluated_after_prior_gate_failure;species_stability_not_evaluated_after_prior_gate_failure;six_pc_sensitivity_not_evaluated_after_prior_gate_failure,-0.1534603296878456,0.5716788941728838,direct_development,31,1
auriculatus,unconstrained_silhouette_k7,all_23_pcs,7,C4,9,0.2280589132065902,rejected,gap_not_supported;mean_silhouette_below_0.25;minimum_cluster_size_below_3;minimum_cluster_size_below_5;feature_stability_not_evaluated_after_prior_gate_failure;species_stability_not_evaluated_after_prior_gate_failure;six_pc_sensitivity_not_evaluated_after_prior_gate_failure,0.0917330230531138,0.3966332345203461,terrestrial_eggs_aquatic_larvae,60,3
bairdi,unconstrained_silhouette_k7,all_23_pcs,7,C4,9,0.2280589132065902,rejected,gap_not_supported;mean_silhouette_below_0.25;minimum_cluster_size_below_3;minimum_cluster_size_below_5;feature_stability_not_evaluated_after_prior_gate_failure;species_stability_not_evaluated_after_prior_gate_failure;six_pc_sensitivity_not_evaluated_after_prior_gate_failure,0.1491836715587605,1.1565234204499883,terrestrial_eggs_aquatic_larvae,55,1
conanti,unconstrained_silhouette_k7,all_23_pcs,7,C4,9,0.2280589132065902,rejected,gap_not_supported;mean_silhouette_below_0.25;minimum_cluster_size_below_3;minimum_cluster_size_below_5;feature_stability_not_evaluated_after_prior_gate_failure;species_stability_not_evaluated_after_prior_gate_failure;six_pc_sensitivity_not_evaluated_after_prior_gate_failure,-0.1319897279785853,0.5762528630070601,terrestrial_eggs_aquatic_larvae,65,1
fuscus,unconstrained_silhouette_k7,all_23_pcs,7,C4,9,0.2280589132065902,rejected,gap_not_supported;mean_silhouette_below_0.25;minimum_cluster_size_below_3;minimum_cluster_size_below_5;feature_stability_not_evaluated_after_prior_gate_failure;species_stability_not_evaluated_after_prior_gate_failure;six_pc_sensitivity_not_evaluated_after_prior_gate_failure,0.0754422008769706,0.5979957185662541,,72,1
pascagoula,unconstrained_silhouette_k7,all_23_pcs,7,C4,9,0.2280589132065902,rejected,gap_not_supported;mean_silhouette_below_0.25;minimum_cluster_size_below_3;minimum_cluster_size_below_5;feature_stability_not_evaluated_after_prior_gate_failure;species_stability_not_evaluated_after_prior_gate_failure;six_pc_sensitivity_not_evaluated_after_prior_gate_failure,-0.0846348819408501,0.7562293531594236,terrestrial_eggs_aquatic_larvae,56,3
perlapsus,unconstrained_silhouette_k7,all_23_pcs,7,C4,9,0.2280589132065902,rejected,gap_not_supported;mean_silhouette_below_0.25;minimum_cluster_size_below_3;minimum_cluster_size_below_5;feature_stability_not_evaluated_after_prior_gate_failure;species_stability_not_evaluated_after_prior_gate_failure;six_pc_sensitivity_not_evaluated_after_prior_gate_failure,0.2031396686370135,0.1792152668106217,terrestrial_eggs_aquatic_larvae,56,1
valentinei,unconstrained_silhouette_k7,all_23_pcs,7,C4,9,0.2280589132065902,rejected,gap_not_supported;mean_silhouette_below_0.25;minimum_cluster_size_below_3;minimum_cluster_size_below_5;feature_stability_not_evaluated_after_prior_gate_failure;species_stability_not_evaluated_after_prior_gate_failure;six_pc_sensitivity_not_evaluated_after_prior_gate_failure,0.2234660058093351,0.3014591016861191,terrestrial_eggs_aquatic_larvae,61,3
valtos,unconstrained_silhouette_k7,all_23_pcs,7,C4,9,0.2280589132065902,rejected,gap_not_supported;mean_silhouette_below_0.25;minimum_cluster_size_below_3;minimum_cluster_size_below_5;feature_stability_not_evaluated_after_prior_gate_failure;species_stability_not_evaluated_after_prior_gate_failure;six_pc_sensitivity_not_evaluated_after_prior_gate_failure,0.0480389825584856,0.7115496208111582,terrestrial_eggs_aquatic_larvae,62,1
abditus,unconstrained_silhouette_k7,all_23_pcs,7,C5,11,0.2280589132065902,rejected,gap_not_supported;mean_silhouette_below_0.25;minimum_cluster_size_below_3;minimum_cluster_size_below_5;feature_stability_not_evaluated_after_prior_gate_failure;species_stability_not_evaluated_after_prior_gate_failure;six_pc_sensitivity_not_evaluated_after_prior_gate_failure,-0.0094689333119827,-0.3615559457234346,terrestrial_eggs_aquatic_larvae,44,1
adatsihi,unconstrained_silhouette_k7,all_23_pcs,7,C5,11,0.2280589132065902,rejected,gap_not_supported;mean_silhouette_below_0.25;minimum_cluster_size_below_3;minimum_cluster_size_below_5;feature_stability_not_evaluated_after_prior_gate_failure;species_stability_not_evaluated_after_prior_gate_failure;six_pc_sensitivity_not_evaluated_after_prior_gate_failure,-0.0040485470398098,-0.4123103248850717,terrestrial_eggs_aquatic_larvae,50,1
apalachicolae,unconstrained_silhouette_k7,all_23_pcs,7,C5,11,0.2280589132065902,rejected,gap_not_supported;mean_silhouette_below_0.25;minimum_cluster_size_below_3;minimum_cluster_size_below_5;feature_stability_not_evaluated_after_prior_gate_failure;species_stability_not_evaluated_after_prior_gate_failure;six_pc_sensitivity_not_evaluated_after_prior_gate_failure,0.5112638590239905,-0.6720626388303654,terrestrial_eggs_aquatic_larvae,57,1
balsameus,unconstrained_silhouette_k7,all_23_pcs,7,C5,11,0.2280589132065902,rejected,gap_not_supported;mean_silhouette_below_0.25;minimum_cluster_size_below_3;minimum_cluster_size_below_5;feature_stability_not_evaluated_after_prior_gate_failure;species_stability_not_evaluated_after_prior_gate_failure;six_pc_sensitivity_not_evaluated_after_prior_gate_failure,0.1364572684447418,-0.2439991246366507,terrestrial_eggs_aquatic_larvae,54,1
carolinensis,unconstrained_silhouette_k7,all_23_pcs,7,C5,11,0.2280589132065902,rejected,gap_not_supported;mean_silhouette_below_0.25;minimum_cluster_size_below_3;minimum_cluster_size_below_5;feature_stability_not_evaluated_after_prior_gate_failure;species_stability_not_evaluated_after_prior_gate_failure;six_pc_sensitivity_not_evaluated_after_prior_gate_failure,0.4570546865407697,-0.3778679906086176,terrestrial_eggs_aquatic_larvae,49,1
cheaha,unconstrained_silhouette_k7,all_23_pcs,7,C5,11,0.2280589132065902,rejected,gap_not_supported;mean_silhouette_below_0.25;minimum_cluster_size_below_3;minimum_cluster_size_below_5;feature_stability_not_evaluated_after_prior_gate_failure;species_stability_not_evaluated_after_prior_gate_failure;six_pc_sensitivity_not_evaluated_after_prior_gate_failure,0.5119402341266744,-0.2725826695008275,terrestrial_eggs_aquatic_larvae,79,1
monticola,unconstrained_silhouette_k7,all_23_pcs,7,C5,11,0.2280589132065902,rejected,gap_not_supported;mean_silhouette_below_0.25;minimum_cluster_size_below_3;minimum_cluster_size_below_5;feature_stability_not_evaluated_after_prior_gate_failure;species_stability_not_evaluated_after_prior_gate_failure;six_pc_sensitivity_not_evaluated_after_prior_gate_failure,-0.23622993340417409,-0.0740455330027466,terrestrial_eggs_aquatic_larvae,72,1
ocoee,unconstrained_silhouette_k7,all_23_pcs,7,C5,11,0.2280589132065902,rejected,gap_not_supported;mean_silhouette_below_0.25;minimum_cluster_size_below_3;minimum_cluster_size_below_5;feature_stability_not_evaluated_after_prior_gate_failure;species_stability_not_evaluated_after_prior_gate_failure;six_pc_sensitivity_not_evaluated_after_prior_gate_failure,-0.1677719665953427,0.0606278193100482,terrestrial_eggs_aquatic_larvae,54,1
orestes,unconstrained_silhouette_k7,all_23_pcs,7,C5,11,0.2280589132065902,rejected,gap_not_supported;mean_silhouette_below_0.25;minimum_cluster_size_below_3;minimum_cluster_size_below_5;feature_stability_not_evaluated_after_prior_gate_failure;species_stability_not_evaluated_after_prior_gate_failure;six_pc_sensitivity_not_evaluated_after_prior_gate_failure,0.2747125189595711,-0.3364475875358406,terrestrial_eggs_aquatic_larvae,52,1
santeetlah,unconstrained_silhouette_k7,all_23_pcs,7,C5,11,0.2280589132065902,rejected,gap_not_supported;mean_silhouette_below_0.25;minimum_cluster_size_below_3;minimum_cluster_size_below_5;feature_stability_not_evaluated_after_prior_gate_failure;species_stability_not_evaluated_after_prior_gate_failure;six_pc_sensitivity_not_evaluated_after_prior_gate_failure,0.0822570776743079,-0.3025516630043759,terrestrial_eggs_aquatic_larvae,55,1
tilleyi,unconstrained_silhouette_k7,all_23_pcs,7,C5,11,0.2280589132065902,rejected,gap_not_supported;mean_silhouette_below_0.25;minimum_cluster_size_below_3;minimum_cluster_size_below_5;feature_stability_not_evaluated_after_prior_gate_failure;species_stability_not_evaluated_after_prior_gate_failure;six_pc_sensitivity_not_evaluated_after_prior_gate_failure,0.0551670909153749,-0.4860921163676541,terrestrial_eggs_aquatic_larvae,52,1
anicetus,unconstrained_silhouette_k7,all_23_pcs,7,C6,4,0.2280589132065902,rejected,gap_not_supported;mean_silhouette_below_0.25;minimum_cluster_size_below_3;minimum_cluster_size_below_5;feature_stability_not_evaluated_after_prior_gate_failure;species_stability_not_evaluated_after_prior_gate_failure;six_pc_sensitivity_not_evaluated_after_prior_gate_failure,0.3564777862827991,0.3337979668917226,terrestrial_eggs_aquatic_larvae,51,1
campi,unconstrained_silhouette_k7,all_23_pcs,7,C6,4,0.2280589132065902,rejected,gap_not_supported;mean_silhouette_below_0.25;minimum_cluster_size_below_3;minimum_cluster_size_below_5;feature_stability_not_evaluated_after_prior_gate_failure;species_stability_not_evaluated_after_prior_gate_failure;six_pc_sensitivity_not_evaluated_after_prior_gate_failure,0.6446896501638557,0.2263234796210211,terrestrial_eggs_aquatic_larvae,57,1
catahoula,unconstrained_silhouette_k7,all_23_pcs,7,C6,4,0.2280589132065902,rejected,gap_not_supported;mean_silhouette_below_0.25;minimum_cluster_size_below_3;minimum_cluster_size_below_5;feature_stability_not_evaluated_after_prior_gate_failure;species_stability_not_evaluated_after_prior_gate_failure;six_pc_sensitivity_not_evaluated_after_prior_gate_failure,0.2453089533596483,-0.0083205344437959,terrestrial_eggs_aquatic_larvae,64,
lycos,unconstrained_silhouette_k7,all_23_pcs,7,C6,4,0.2280589132065902,rejected,gap_not_supported;mean_silhouette_below_0.25;minimum_cluster_size_below_3;minimum_cluster_size_below_5;feature_stability_not_evaluated_after_prior_gate_failure;species_stability_not_evaluated_after_prior_gate_failure;six_pc_sensitivity_not_evaluated_after_prior_gate_failure,0.2755626269989371,0.5624443810372076,terrestrial_eggs_aquatic_larvae,74,1
welteri,unconstrained_silhouette_k7,all_23_pcs,7,C7,1,0.2280589132065902,rejected,gap_not_supported;mean_silhouette_below_0.25;minimum_cluster_size_below_3;minimum_cluster_size_below_5;feature_stability_not_evaluated_after_prior_gate_failure;species_stability_not_evaluated_after_prior_gate_failure;six_pc_sensitivity_not_evaluated_after_prior_gate_failure,2.386165504448161,-0.24189305001574,terrestrial_eggs_aquatic_larvae,75,2
