species,metric,historical_value,corrected_value,delta,absolute_delta,historical_rank,corrected_rank,rank_shift
amphileucus,dirs_deletions_p90,0.47,0.46,-0.009999999999999953,0.009999999999999953,14.0,14.5,0.5
anicetus,dirs_deletions_p90,0.48,0.46,-0.019999999999999962,0.019999999999999962,17.0,14.5,-2.5
apalachicolae,dirs_deletions_p90,0.475,0.475,0.0,0.0,15.0,18.0,3.0
auriculatus,dirs_deletions_p90,0.4,0.395,-0.0050000000000000044,0.0050000000000000044,4.0,4.0,0.0
bairdi,dirs_deletions_p90,0.4,0.39,-0.010000000000000009,0.010000000000000009,4.0,3.0,-1.0
campi,dirs_deletions_p90,0.38,0.38,0.0,0.0,2.0,2.0,0.0
fuscus,dirs_deletions_p90,0.4,0.4,0.0,0.0,4.0,5.0,1.0
gvnigeusgwotli,dirs_deletions_p90,0.46,0.45,-0.010000000000000009,0.010000000000000009,12.5,12.5,0.0
intermedius,dirs_deletions_p90,0.43,0.43,0.0,0.0,8.5,9.5,1.0
kanawha,dirs_deletions_p90,0.42,0.41,-0.010000000000000009,0.010000000000000009,6.0,6.0,0.0
marmoratus,dirs_deletions_p90,0.48,0.47,-0.010000000000000009,0.010000000000000009,17.0,16.5,-0.5
mavrokoilius,dirs_deletions_p90,0.48,0.47,-0.010000000000000009,0.010000000000000009,17.0,16.5,-0.5
monticola,dirs_deletions_p90,0.43,0.42,-0.010000000000000009,0.010000000000000009,8.5,8.0,-0.5
ocoee,dirs_deletions_p90,0.36,0.36,0.0,0.0,1.0,1.0,0.0
perlapsus,dirs_deletions_p90,0.44,0.44,0.0,0.0,11.0,11.0,0.0
tilleyi,dirs_deletions_p90,0.46,0.45,-0.010000000000000009,0.010000000000000009,12.5,12.5,0.0
valtos,dirs_deletions_p90,0.43,0.415,-0.015000000000000013,0.015000000000000013,8.5,7.0,-1.5
welteri,dirs_deletions_p90,0.43,0.43,0.0,0.0,8.5,9.5,1.0
amphileucus,dirs_divergence_p90,15.17,15.12,-0.05000000000000071,0.05000000000000071,16.0,16.0,0.0
anicetus,dirs_divergence_p90,14.66,14.58,-0.08000000000000007,0.08000000000000007,5.5,6.5,1.0
apalachicolae,dirs_divergence_p90,15.5,15.425,-0.07499999999999929,0.07499999999999929,18.0,18.0,0.0
auriculatus,dirs_divergence_p90,14.96,14.91,-0.05000000000000071,0.05000000000000071,15.0,15.0,0.0
bairdi,dirs_divergence_p90,14.895,14.86,-0.03500000000000014,0.03500000000000014,12.0,13.0,1.0
campi,dirs_divergence_p90,14.49,14.34,-0.15000000000000036,0.15000000000000036,3.0,2.0,-1.0
fuscus,dirs_divergence_p90,14.67,14.58,-0.08999999999999986,0.08999999999999986,7.0,6.5,-0.5
gvnigeusgwotli,dirs_divergence_p90,14.81,14.665,-0.14500000000000135,0.14500000000000135,9.5,9.0,-0.5
intermedius,dirs_divergence_p90,14.41,14.36,-0.05000000000000071,0.05000000000000071,2.0,3.0,1.0
kanawha,dirs_divergence_p90,14.18,14.13,-0.049999999999998934,0.049999999999998934,1.0,1.0,0.0
marmoratus,dirs_divergence_p90,14.81,14.67,-0.14000000000000057,0.14000000000000057,9.5,10.0,0.5
mavrokoilius,dirs_divergence_p90,14.66,14.54,-0.120000000000001,0.120000000000001,5.5,5.0,-0.5
monticola,dirs_divergence_p90,14.93,14.81,-0.11999999999999922,0.11999999999999922,14.0,12.0,-2.0
ocoee,dirs_divergence_p90,14.52,14.49,-0.02999999999999936,0.02999999999999936,4.0,4.0,0.0
perlapsus,dirs_divergence_p90,14.795,14.66,-0.1349999999999998,0.1349999999999998,8.0,8.0,0.0
tilleyi,dirs_divergence_p90,14.92,14.875,-0.04499999999999993,0.04499999999999993,13.0,14.0,1.0
valtos,dirs_divergence_p90,14.87,14.77,-0.09999999999999964,0.09999999999999964,11.0,11.0,0.0
welteri,dirs_divergence_p90,15.39,15.315,-0.07500000000000107,0.07500000000000107,17.0,17.0,0.0
amphileucus,line_deletions_p90,0.56,0.56,0.0,0.0,17.0,17.0,0.0
anicetus,line_deletions_p90,0.38,0.38,0.0,0.0,10.0,10.0,0.0
apalachicolae,line_deletions_p90,0.4,0.39,-0.010000000000000009,0.010000000000000009,12.0,11.5,-0.5
auriculatus,line_deletions_p90,0.36,0.36,0.0,0.0,6.5,7.5,1.0
bairdi,line_deletions_p90,0.28,0.28,0.0,0.0,1.0,1.0,0.0
campi,line_deletions_p90,0.29,0.29,0.0,0.0,2.0,2.0,0.0
fuscus,line_deletions_p90,0.31,0.3,-0.010000000000000009,0.010000000000000009,3.0,3.0,0.0
gvnigeusgwotli,line_deletions_p90,0.6,0.59,-0.010000000000000009,0.010000000000000009,18.0,18.0,0.0
intermedius,line_deletions_p90,0.45,0.45,0.0,0.0,14.5,14.5,0.0
kanawha,line_deletions_p90,0.44,0.43,-0.010000000000000009,0.010000000000000009,13.0,13.0,0.0
marmoratus,line_deletions_p90,0.46,0.46,0.0,0.0,16.0,16.0,0.0
mavrokoilius,line_deletions_p90,0.45,0.45,0.0,0.0,14.5,14.5,0.0
monticola,line_deletions_p90,0.39,0.39,0.0,0.0,11.0,11.5,0.5
ocoee,line_deletions_p90,0.37,0.36,-0.010000000000000009,0.010000000000000009,8.5,7.5,-1.0
perlapsus,line_deletions_p90,0.36,0.35,-0.010000000000000009,0.010000000000000009,6.5,5.5,-1.0
tilleyi,line_deletions_p90,0.37,0.37,0.0,0.0,8.5,9.0,0.5
valtos,line_deletions_p90,0.32,0.32,0.0,0.0,4.0,4.0,0.0
welteri,line_deletions_p90,0.35,0.35,0.0,0.0,5.0,5.5,0.5
amphileucus,line_divergence_p90,20.51,20.56,0.04999999999999716,0.04999999999999716,18.0,17.0,-1.0
anicetus,line_divergence_p90,18.79,18.85,0.060000000000002274,0.060000000000002274,8.0,8.0,0.0
apalachicolae,line_divergence_p90,19.24,19.28,0.0400000000000027,0.0400000000000027,12.0,12.0,0.0
auriculatus,line_divergence_p90,19.1,19.14,0.03999999999999915,0.03999999999999915,9.0,9.5,0.5
bairdi,line_divergence_p90,18.165,18.22,0.054999999999999716,0.054999999999999716,2.0,2.0,0.0
campi,line_divergence_p90,18.6,18.64,0.03999999999999915,0.03999999999999915,4.0,4.0,0.0
fuscus,line_divergence_p90,17.95,18.0,0.05000000000000071,0.05000000000000071,1.0,1.0,0.0
gvnigeusgwotli,line_divergence_p90,20.5,20.57,0.07000000000000028,0.07000000000000028,17.0,18.0,1.0
intermedius,line_divergence_p90,19.88,19.91,0.030000000000001137,0.030000000000001137,14.0,14.0,0.0
kanawha,line_divergence_p90,19.57,19.63,0.05999999999999872,0.05999999999999872,13.0,13.0,0.0
marmoratus,line_divergence_p90,19.97,20.0,0.030000000000001137,0.030000000000001137,16.0,16.0,0.0
mavrokoilius,line_divergence_p90,19.9,19.92,0.020000000000003126,0.020000000000003126,15.0,15.0,0.0
monticola,line_divergence_p90,19.13,19.18,0.05000000000000071,0.05000000000000071,11.0,11.0,0.0
ocoee,line_divergence_p90,18.65,18.68,0.030000000000001137,0.030000000000001137,5.0,5.0,0.0
perlapsus,line_divergence_p90,18.74,18.81,0.07000000000000028,0.07000000000000028,7.0,7.0,0.0
tilleyi,line_divergence_p90,19.11,19.14,0.030000000000001137,0.030000000000001137,10.0,9.5,-0.5
valtos,line_divergence_p90,18.47,18.54,0.07000000000000028,0.07000000000000028,3.0,3.0,0.0
welteri,line_divergence_p90,18.71,18.77,0.05999999999999872,0.05999999999999872,6.0,6.0,0.0
amphileucus,ltr_deletions_p90,0.44,0.45,0.010000000000000009,0.010000000000000009,17.5,18.0,0.5
anicetus,ltr_deletions_p90,0.31,0.31,0.0,0.0,10.0,10.0,0.0
apalachicolae,ltr_deletions_p90,0.35,0.35,0.0,0.0,12.5,12.5,0.0
auriculatus,ltr_deletions_p90,0.27,0.27,0.0,0.0,6.0,6.0,0.0
bairdi,ltr_deletions_p90,0.0,0.0,0.0,0.0,1.5,1.5,0.0
campi,ltr_deletions_p90,0.22,0.22,0.0,0.0,5.0,5.0,0.0
fuscus,ltr_deletions_p90,0.07,0.08,0.009999999999999995,0.009999999999999995,3.0,3.0,0.0
gvnigeusgwotli,ltr_deletions_p90,0.44,0.44,0.0,0.0,17.5,17.0,-0.5
intermedius,ltr_deletions_p90,0.36,0.36,0.0,0.0,14.0,14.0,0.0
kanawha,ltr_deletions_p90,0.35,0.35,0.0,0.0,12.5,12.5,0.0
marmoratus,ltr_deletions_p90,0.38,0.39,0.010000000000000009,0.010000000000000009,15.5,16.0,0.5
mavrokoilius,ltr_deletions_p90,0.38,0.38,0.0,0.0,15.5,15.0,-0.5
monticola,ltr_deletions_p90,0.3,0.3,0.0,0.0,8.5,8.5,0.0
ocoee,ltr_deletions_p90,0.28,0.28,0.0,0.0,7.0,7.0,0.0
perlapsus,ltr_deletions_p90,0.3,0.3,0.0,0.0,8.5,8.5,0.0
tilleyi,ltr_deletions_p90,0.33,0.33,0.0,0.0,11.0,11.0,0.0
valtos,ltr_deletions_p90,0.0,0.0,0.0,0.0,1.5,1.5,0.0
welteri,ltr_deletions_p90,0.2,0.2,0.0,0.0,4.0,4.0,0.0
amphileucus,ltr_divergence_p90,14.23,14.23,0.0,0.0,18.0,18.0,0.0
anicetus,ltr_divergence_p90,11.68,11.68,0.0,0.0,4.5,4.5,0.0
apalachicolae,ltr_divergence_p90,12.18,12.18,0.0,0.0,10.0,10.0,0.0
auriculatus,ltr_divergence_p90,12.46,12.44,-0.02000000000000135,0.02000000000000135,12.0,12.0,0.0
bairdi,ltr_divergence_p90,11.08,11.07,-0.009999999999999787,0.009999999999999787,2.0,2.0,0.0
campi,ltr_divergence_p90,11.68,11.68,0.0,0.0,4.5,4.5,0.0
fuscus,ltr_divergence_p90,11.0,11.0,0.0,0.0,1.0,1.0,0.0
gvnigeusgwotli,ltr_divergence_p90,14.17,14.18,0.009999999999999787,0.009999999999999787,17.0,17.0,0.0
intermedius,ltr_divergence_p90,13.21,13.2,-0.010000000000001563,0.010000000000001563,14.5,14.0,-0.5
kanawha,ltr_divergence_p90,12.89,12.89,0.0,0.0,13.0,13.0,0.0
marmoratus,ltr_divergence_p90,13.24,13.24,0.0,0.0,16.0,15.5,-0.5
mavrokoilius,ltr_divergence_p90,13.21,13.24,0.02999999999999936,0.02999999999999936,14.5,15.5,1.0
monticola,ltr_divergence_p90,12.26,12.26,0.0,0.0,11.0,11.0,0.0
ocoee,ltr_divergence_p90,11.71,11.69,-0.02000000000000135,0.02000000000000135,6.0,6.0,0.0
perlapsus,ltr_divergence_p90,11.89,11.87,-0.02000000000000135,0.02000000000000135,7.0,7.0,0.0
tilleyi,ltr_divergence_p90,11.9,11.89,-0.009999999999999787,0.009999999999999787,8.0,8.0,0.0
valtos,ltr_divergence_p90,11.24,11.22,-0.019999999999999574,0.019999999999999574,3.0,3.0,0.0
welteri,ltr_divergence_p90,12.11,12.09,-0.019999999999999574,0.019999999999999574,9.0,9.0,0.0
amphileucus,sine_deletions_p90,1.63,1.42,-0.20999999999999996,0.20999999999999996,15.0,11.5,-3.5
anicetus,sine_deletions_p90,1.44,1.4,-0.040000000000000036,0.040000000000000036,8.0,9.0,1.0
apalachicolae,sine_deletions_p90,1.72,1.66,-0.06000000000000005,0.06000000000000005,18.0,17.0,-1.0
auriculatus,sine_deletions_p90,1.43,1.37,-0.05999999999999983,0.05999999999999983,6.5,7.0,0.5
bairdi,sine_deletions_p90,1.14,1.205,0.06500000000000017,0.06500000000000017,2.0,2.0,0.0
campi,sine_deletions_p90,1.11,1.05,-0.06000000000000005,0.06000000000000005,1.0,1.0,0.0
fuscus,sine_deletions_p90,1.36,1.26,-0.10000000000000009,0.10000000000000009,3.0,3.0,0.0
gvnigeusgwotli,sine_deletions_p90,1.67,1.625,-0.04499999999999993,0.04499999999999993,17.0,15.0,-2.0
intermedius,sine_deletions_p90,1.455,1.42,-0.03500000000000014,0.03500000000000014,9.0,11.5,2.5
kanawha,sine_deletions_p90,1.47,1.38,-0.09000000000000008,0.09000000000000008,10.0,8.0,-2.0
marmoratus,sine_deletions_p90,1.59,1.59,0.0,0.0,14.0,14.0,0.0
mavrokoilius,sine_deletions_p90,1.39,1.335,-0.05499999999999994,0.05499999999999994,5.0,6.0,1.0
monticola,sine_deletions_p90,1.49,1.49,0.0,0.0,11.0,13.0,2.0
ocoee,sine_deletions_p90,1.37,1.3050000000000002,-0.06499999999999995,0.06499999999999995,4.0,4.0,0.0
perlapsus,sine_deletions_p90,1.585,1.63,0.04499999999999993,0.04499999999999993,13.0,16.0,3.0
tilleyi,sine_deletions_p90,1.6549999999999998,1.68,0.025000000000000133,0.025000000000000133,16.0,18.0,2.0
valtos,sine_deletions_p90,1.52,1.415,-0.10499999999999998,0.10499999999999998,12.0,10.0,-2.0
welteri,sine_deletions_p90,1.43,1.33,-0.09999999999999987,0.09999999999999987,6.5,5.0,-1.5
amphileucus,sine_divergence_p90,11.08,11.47,0.39000000000000057,0.39000000000000057,17.0,17.0,0.0
anicetus,sine_divergence_p90,9.79,10.23,0.4400000000000013,0.4400000000000013,9.0,10.0,1.0
apalachicolae,sine_divergence_p90,10.485,10.7,0.21499999999999986,0.21499999999999986,13.0,13.0,0.0
auriculatus,sine_divergence_p90,10.585,11.06,0.47499999999999964,0.47499999999999964,14.0,15.0,1.0
bairdi,sine_divergence_p90,9.21,9.55,0.33999999999999986,0.33999999999999986,2.0,3.0,1.0
campi,sine_divergence_p90,10.0,10.0,0.0,0.0,10.0,7.5,-2.5
fuscus,sine_divergence_p90,9.59,10.0,0.41000000000000014,0.41000000000000014,5.0,7.5,2.5
gvnigeusgwotli,sine_divergence_p90,11.105,11.595,0.4900000000000002,0.4900000000000002,18.0,18.0,0.0
intermedius,sine_divergence_p90,9.28,9.58,0.3000000000000007,0.3000000000000007,3.0,4.0,1.0
kanawha,sine_divergence_p90,9.34,9.485,0.14499999999999957,0.14499999999999957,4.0,2.0,-2.0
marmoratus,sine_divergence_p90,9.76,9.94,0.17999999999999972,0.17999999999999972,7.5,6.0,-1.5
mavrokoilius,sine_divergence_p90,8.83,9.145,0.3149999999999995,0.3149999999999995,1.0,1.0,0.0
monticola,sine_divergence_p90,10.05,10.29,0.23999999999999844,0.23999999999999844,11.0,11.0,0.0
ocoee,sine_divergence_p90,9.62,9.815,0.19500000000000028,0.19500000000000028,6.0,5.0,-1.0
perlapsus,sine_divergence_p90,10.66,10.905,0.24499999999999922,0.24499999999999922,15.0,14.0,-1.0
tilleyi,sine_divergence_p90,10.95,11.36,0.41000000000000014,0.41000000000000014,16.0,16.0,0.0
valtos,sine_divergence_p90,9.76,10.11,0.34999999999999964,0.34999999999999964,7.5,9.0,1.5
welteri,sine_divergence_p90,10.36,10.53,0.16999999999999993,0.16999999999999993,12.0,12.0,0.0
amphileucus,tir_deletions_p90,1.57,1.55,-0.020000000000000018,0.020000000000000018,18.0,18.0,0.0
anicetus,tir_deletions_p90,1.45,1.46,0.010000000000000009,0.010000000000000009,10.5,11.5,1.0
apalachicolae,tir_deletions_p90,1.47,1.47,0.0,0.0,13.5,13.5,0.0
auriculatus,tir_deletions_p90,1.37,1.38,0.009999999999999787,0.009999999999999787,3.5,4.0,0.5
bairdi,tir_deletions_p90,1.28,1.28,0.0,0.0,1.0,1.0,0.0
campi,tir_deletions_p90,1.39,1.4,0.010000000000000009,0.010000000000000009,5.0,6.5,1.5
fuscus,tir_deletions_p90,1.32,1.33,0.010000000000000009,0.010000000000000009,2.0,2.0,0.0
gvnigeusgwotli,tir_deletions_p90,1.53,1.54,0.010000000000000009,0.010000000000000009,17.0,17.0,0.0
intermedius,tir_deletions_p90,1.49,1.48,-0.010000000000000009,0.010000000000000009,15.5,15.0,-0.5
kanawha,tir_deletions_p90,1.41,1.4,-0.010000000000000009,0.010000000000000009,8.0,6.5,-1.5
marmoratus,tir_deletions_p90,1.45,1.45,0.0,0.0,10.5,10.0,-0.5
mavrokoilius,tir_deletions_p90,1.46,1.46,0.0,0.0,12.0,11.5,-0.5
monticola,tir_deletions_p90,1.47,1.47,0.0,0.0,13.5,13.5,0.0
ocoee,tir_deletions_p90,1.4,1.4,0.0,0.0,6.5,6.5,0.0
perlapsus,tir_deletions_p90,1.44,1.44,0.0,0.0,9.0,9.0,0.0
tilleyi,tir_deletions_p90,1.49,1.49,0.0,0.0,15.5,16.0,0.5
valtos,tir_deletions_p90,1.37,1.35,-0.020000000000000018,0.020000000000000018,3.5,3.0,-0.5
welteri,tir_deletions_p90,1.4,1.4,0.0,0.0,6.5,6.5,0.0
amphileucus,tir_divergence_p90,12.55,12.54,-0.010000000000001563,0.010000000000001563,12.5,11.5,-1.0
anicetus,tir_divergence_p90,11.94,11.955,0.015000000000000568,0.015000000000000568,4.0,4.0,0.0
apalachicolae,tir_divergence_p90,12.57,12.56,-0.009999999999999787,0.009999999999999787,14.0,14.0,0.0
auriculatus,tir_divergence_p90,12.95,12.96,0.010000000000001563,0.010000000000001563,18.0,18.0,0.0
bairdi,tir_divergence_p90,11.78,11.78,0.0,0.0,2.0,2.0,0.0
campi,tir_divergence_p90,12.02,12.07,0.05000000000000071,0.05000000000000071,5.0,5.5,0.5
fuscus,tir_divergence_p90,11.5,11.52,0.019999999999999574,0.019999999999999574,1.0,1.0,0.0
gvnigeusgwotli,tir_divergence_p90,12.36,12.34,-0.019999999999999574,0.019999999999999574,9.0,9.0,0.0
intermedius,tir_divergence_p90,12.55,12.55,0.0,0.0,12.5,13.0,0.5
kanawha,tir_divergence_p90,12.31,12.305,-0.005000000000000782,0.005000000000000782,8.0,8.0,0.0
marmoratus,tir_divergence_p90,12.58,12.58,0.0,0.0,15.0,15.0,0.0
mavrokoilius,tir_divergence_p90,12.88,12.87,-0.010000000000001563,0.010000000000001563,17.0,17.0,0.0
monticola,tir_divergence_p90,12.52,12.54,0.019999999999999574,0.019999999999999574,11.0,11.5,0.5
ocoee,tir_divergence_p90,12.03,12.07,0.040000000000000924,0.040000000000000924,6.0,5.5,-0.5
perlapsus,tir_divergence_p90,12.1,12.11,0.009999999999999787,0.009999999999999787,7.0,7.0,0.0
tilleyi,tir_divergence_p90,12.5,12.5,0.0,0.0,10.0,10.0,0.0
valtos,tir_divergence_p90,11.89,11.92,0.02999999999999936,0.02999999999999936,3.0,3.0,0.0
welteri,tir_divergence_p90,12.61,12.63,0.02000000000000135,0.02000000000000135,16.0,16.0,0.0
amphileucus,weighted_te_deletions_p90,0.6956201851821221,0.6947587817671541,-0.0008614034149679872,0.0008614034149679872,18.0,18.0,0.0
anicetus,weighted_te_deletions_p90,0.5474937765051844,0.5480565317866172,0.0005627552814327919,0.0005627552814327919,10.0,10.0,0.0
apalachicolae,weighted_te_deletions_p90,0.5701683501301361,0.567619277799565,-0.0025490723305711116,0.0025490723305711116,13.0,13.0,0.0
auriculatus,weighted_te_deletions_p90,0.48322379989790865,0.4844256732571238,0.0012018733592151776,0.0012018733592151776,6.0,6.0,0.0
bairdi,weighted_te_deletions_p90,0.25323320333347304,0.25345086117304666,0.00021765783957361506,0.00021765783957361506,1.0,1.0,0.0
campi,weighted_te_deletions_p90,0.44638152877065684,0.4469798673528535,0.0005983385821966558,0.0005983385821966558,5.0,5.0,0.0
fuscus,weighted_te_deletions_p90,0.3229015213844728,0.3282294385857476,0.00532791720127479,0.00532791720127479,3.0,3.0,0.0
gvnigeusgwotli,weighted_te_deletions_p90,0.6878059992469362,0.6872023003985637,-0.0006036988483725247,0.0006036988483725247,17.0,17.0,0.0
intermedius,weighted_te_deletions_p90,0.5907264918722783,0.5878417762929955,-0.002884715579282826,0.002884715579282826,14.0,14.0,0.0
kanawha,weighted_te_deletions_p90,0.5605805702142418,0.5563116812737307,-0.00426888894051114,0.00426888894051114,11.0,11.0,0.0
marmoratus,weighted_te_deletions_p90,0.6058700460408415,0.6115176114752561,0.005647565434414581,0.005647565434414581,16.0,16.0,0.0
mavrokoilius,weighted_te_deletions_p90,0.590905611602678,0.5899340449350436,-0.000971566667634316,0.000971566667634316,15.0,15.0,0.0
monticola,weighted_te_deletions_p90,0.5325056246702857,0.5322657186946222,-0.00023990597566347915,0.00023990597566347915,9.0,9.0,0.0
ocoee,weighted_te_deletions_p90,0.49963144187104025,0.4968978248440261,-0.0027336170270141347,0.0027336170270141347,7.0,7.0,0.0
perlapsus,weighted_te_deletions_p90,0.5172610322448646,0.5163841710761718,-0.0008768611686927885,0.0008768611686927885,8.0,8.0,0.0
tilleyi,weighted_te_deletions_p90,0.564578029503404,0.5641264426655239,-0.00045158683788004694,0.00045158683788004694,12.0,12.0,0.0
valtos,weighted_te_deletions_p90,0.2729974782518338,0.26879170931446145,-0.004205768937372345,0.004205768937372345,2.0,2.0,0.0
welteri,weighted_te_deletions_p90,0.4390420312596881,0.437865875416488,-0.0011761558432000774,0.0011761558432000774,4.0,4.0,0.0
amphileucus,weighted_te_divergence_p90,14.842018075251318,14.852535594424563,0.010517519173244949,0.010517519173244949,18.0,18.0,0.0
anicetus,weighted_te_divergence_p90,13.018938326598226,13.037693069977719,0.018754743379492567,0.018754743379492567,6.0,6.0,0.0
apalachicolae,weighted_te_divergence_p90,13.522389580743312,13.530020953562794,0.007631372819481896,0.007631372819481896,11.0,10.0,-1.0
auriculatus,weighted_te_divergence_p90,13.54636954144359,13.54448500932583,-0.0018845321177600738,0.0018845321177600738,12.0,12.0,0.0
bairdi,weighted_te_divergence_p90,12.26912331520524,12.274098505374614,0.004975190169373533,0.004975190169373533,2.0,2.0,0.0
campi,weighted_te_divergence_p90,12.900346756369972,12.913555355956687,0.013208599586715053,0.013208599586715053,4.0,4.0,0.0
fuscus,weighted_te_divergence_p90,12.233228810924743,12.246841116157812,0.013612305233069222,0.013612305233069222,1.0,1.0,0.0
gvnigeusgwotli,weighted_te_divergence_p90,14.753146766954538,14.768412368157957,0.01526560120341891,0.01526560120341891,17.0,17.0,0.0
intermedius,weighted_te_divergence_p90,14.128487627275085,14.129995854276094,0.0015082270010093879,0.0015082270010093879,14.0,14.0,0.0
kanawha,weighted_te_divergence_p90,13.745200672963145,13.754429668886104,0.00922899592295856,0.00922899592295856,13.0,13.0,0.0
marmoratus,weighted_te_divergence_p90,14.207317623098469,14.210482030117632,0.0031644070191632068,0.0031644070191632068,16.0,16.0,0.0
mavrokoilius,weighted_te_divergence_p90,14.155138341963386,14.177722509126603,0.022584167163216762,0.022584167163216762,15.0,15.0,0.0
monticola,weighted_te_divergence_p90,13.519012728992687,13.534399091023817,0.015386362031129863,0.015386362031129863,10.0,11.0,1.0
ocoee,weighted_te_divergence_p90,13.00124171808477,13.002006416108891,0.0007646980241204915,0.0007646980241204915,5.0,5.0,0.0
perlapsus,weighted_te_divergence_p90,13.18925741449704,13.192461425345646,0.003204010848605776,0.003204010848605776,7.0,7.0,0.0
tilleyi,weighted_te_divergence_p90,13.373407283911636,13.378408809486306,0.0050015255746700404,0.0050015255746700404,9.0,9.0,0.0
valtos,weighted_te_divergence_p90,12.406372165951536,12.40985652645948,0.0034843605079437623,0.0034843605079437623,3.0,3.0,0.0
welteri,weighted_te_divergence_p90,13.358635689811386,13.361142452864799,0.002506763053412797,0.002506763053412797,8.0,8.0,0.0
amphileucus,weighted_te_insertions_p90,0.5240644817304897,0.5228505554432196,-0.0012139262872701284,0.0012139262872701284,18.0,18.0,0.0
anicetus,weighted_te_insertions_p90,0.2531507322984799,0.25439054565336566,0.001239813354885766,0.001239813354885766,12.0,12.0,0.0
apalachicolae,weighted_te_insertions_p90,0.23985808172679104,0.23953586184628764,-0.0003222198805034049,0.0003222198805034049,10.0,10.0,0.0
auriculatus,weighted_te_insertions_p90,0.20464677319786667,0.20453610418979565,-0.00011066900807102376,0.00011066900807102376,5.0,5.0,0.0
bairdi,weighted_te_insertions_p90,0.17936265461519826,0.1787327569114514,-0.0006298977037468567,0.0006298977037468567,1.0,1.0,0.0
campi,weighted_te_insertions_p90,0.20228875669667978,0.20153788268772213,-0.0007508740089576527,0.0007508740089576527,4.0,4.0,0.0
fuscus,weighted_te_insertions_p90,0.19115407555830924,0.19243573006000905,0.0012816545016998138,0.0012816545016998138,3.0,3.0,0.0
gvnigeusgwotli,weighted_te_insertions_p90,0.5219701418851648,0.5206931167260953,-0.001277025159069467,0.001277025159069467,17.0,17.0,0.0
intermedius,weighted_te_insertions_p90,0.4117663725513939,0.41064902800353065,-0.0011173445478632749,0.0011173445478632749,14.0,14.0,0.0
kanawha,weighted_te_insertions_p90,0.38644621147911745,0.39139888554670765,0.0049526740675902015,0.0049526740675902015,13.0,13.0,0.0
marmoratus,weighted_te_insertions_p90,0.44399398495374004,0.4479724804658457,0.003978495512105662,0.003978495512105662,16.0,16.0,0.0
mavrokoilius,weighted_te_insertions_p90,0.43307806395089554,0.43789334908047817,0.004815285129582625,0.004815285129582625,15.0,15.0,0.0
monticola,weighted_te_insertions_p90,0.23639842354560647,0.23631992582951694,-7.849771608953171e-05,7.849771608953171e-05,9.0,9.0,0.0
ocoee,weighted_te_insertions_p90,0.22936323803410932,0.2285671966019531,-0.0007960414321562248,0.0007960414321562248,7.0,7.0,0.0
perlapsus,weighted_te_insertions_p90,0.2330762019121337,0.23485472831643164,0.001778526404297931,0.001778526404297931,8.0,8.0,0.0
tilleyi,weighted_te_insertions_p90,0.25083946833867343,0.2492082954306704,-0.0016311729080030202,0.0016311729080030202,11.0,11.0,0.0
valtos,weighted_te_insertions_p90,0.18008813398587548,0.17984624842019592,-0.000241885565679556,0.000241885565679556,2.0,2.0,0.0
welteri,weighted_te_insertions_p90,0.21407247002222693,0.2137841408596769,-0.0002883291625500328,0.0002883291625500328,6.0,6.0,0.0
