source_id,short_citation,full_reference,year,doi,url,source_type,taxonomic_scope,trait_blocks,access_date,notes
amphibio_2017,Oliveira_2017_AmphiBIO,AmphiBIO global amphibian ecological traits database,2017,10.1038/sdata.2017.123,https://figshare.com/articles/dataset/Oliveira_et_al_AmphiBIO_v1/4644424,dataset,global_amphibian,body_size|development|lifestyle,2026-03-08,Use as broad first-pass trait reservoir with caution for legacy taxonomy
nc_biodiversity_amphibians,Petranka_Amphibians_of_North_Carolina,Amphibians of North Carolina species accounts,2026,,https://auth1.dpr.ncparks.gov/amphibians/index.php,website,north_carolina_and_adjacent_taxa,body_size|development|lifestyle|elevation,2026-03-08,Species account pages provide body-size ranges habitat text and life-history summaries and should be stored locally as HTML snapshots with hashes
pyron_beamer_2022_ocoee_treatmentbank,Pyron_Beamer_2022_ocoee_TreatmentBank,TreatmentBank XHTML rendering of Desmognathus perlapsus treatment from Pyron and Beamer 2022,2022,10.11646/zootaxa.5190.2.3,https://treatment.plazi.org/GgServer/xhtml/039087A5C5193F4AC4BA191F72C40EB6,website,ocoee_complex,body_size|taxonomy,2026-03-08,Used to recover a traceable body-size range for perlapsus from the published treatment text
pyron_beamer_2023_conanti_fuscus_article,Pyron_Beamer_2023_conanti_fuscus,Systematics of the Desmognathus conanti and D. fuscus complexes with descriptions of six new species from eastern North America,2023,10.11646/zootaxa.5311.4.1,https://doi.org/10.11646/zootaxa.5311.4.1,paper,conanti_fuscus_complex,taxonomy|body_size|external_morphology,,Primary modern source for the conanti-fuscus complex
pyron_beamer_2023_conanti_fuscus_appendix_s1,Pyron_Beamer_2023_conanti_fuscus_AppS1,Pyron and Beamer conanti-fuscus Appendix S1 specimen morphometrics,2023,10.5281/zenodo.7972011,https://zenodo.org/records/7972011,dataset,conanti_fuscus_complex,body_size|external_morphology,,Open specimen-level morphometric matrix with SVL and linear measurements
pyron_beamer_2022_ocoee_article,Pyron_Beamer_2022_ocoee,"Systematics of the Ocoee Salamander (Plethodontidae: Desmognathus ocoee), with description of two new species from the southern Blue Ridge Mountains",2022,10.11646/zootaxa.5190.2.3,https://doi.org/10.11646/zootaxa.5190.2.3,paper,ocoee_complex,taxonomy|body_size|lifestyle,,Key revision for the ocoee complex
pyron_beamer_2022_blackbellied_article,Pyron_Beamer_2022_blackbellied,Nomenclatural solutions for diagnosing cryptic species using molecular and morphological data facilitate a taxonomic revision of the Black-bellied Salamanders from the southern Appalachian Mountains,2022,10.11646/bionomina.27.1.1,https://doi.org/10.11646/bionomina.27.1.1,paper,black_bellied_complex,taxonomy|body_size|external_morphology,,Key revision for black-bellied salamanders
means_lamb_bernardo_2017_valentinei_article,Means_Lamb_Bernardo_2017_valentinei,A new species of dusky salamander (Amphibia: Plethodontidae: Desmognathus) from the eastern Gulf Coastal Plain of the United States and a redescription of D. auriculatus,2017,10.11646/zootaxa.4263.3.3,https://doi.org/10.11646/zootaxa.4263.3.3,paper,gulf_coastal_plain,taxonomy|body_size|external_morphology|lifestyle,,Primary description source for Desmognathus valentinei; local HTML snapshots capture accessible abstract and article metadata
pyron_oconnell_lamb_beamer_2022_pascagoula_article,Pyron_OConnell_Lamb_Beamer_2022_pascagoula,"A new, narrowly endemic species of swamp-dwelling dusky salamander (Plethodontidae: Desmognathus) from the Gulf Coastal Plain of Mississippi and Alabama",2022,10.11646/zootaxa.5133.1.3,https://doi.org/10.11646/zootaxa.5133.1.3,paper,gulf_coastal_plain,taxonomy|body_size|external_morphology|lifestyle,,Primary description source for Desmognathus pascagoula and comparative source for D. valentinei
pyron_oconnell_lamb_beamer_2022_pascagoula_treatmentbank,Pyron_OConnell_Lamb_Beamer_2022_pascagoula_TreatmentBank,TreatmentBank XHTML rendering of the Desmognathus pascagoula treatment from Pyron et al. 2022,2022,10.11646/zootaxa.5133.1.3,https://treatment.plazi.org/GgServer/xhtml/03CE87E1FFC1FA62FF44FB7CFC539344,website,gulf_coastal_plain,body_size|development|lifestyle|taxonomy,2026-03-08,Stored locally as XHTML and used for traceable comparative extraction involving D. valentinei
pyron_oconnell_lamb_beamer_2022_pascagoula_dryad,Pyron_OConnell_Lamb_Beamer_2022_pascagoula_Dryad,"Dryad dataset for A new, narrowly endemic species of swamp-dwelling dusky salamander from the Gulf Coastal Plain of Mississippi and Alabama",2022,10.5061/dryad.0gb5mkm3d,https://datadryad.org/dataset/doi:10.5061/dryad.0gb5mkm3d,dataset,gulf_coastal_plain,body_size|external_morphology,,Repository-backed supplement linked to the pascagoula paper
pyron_oconnell_lamb_beamer_2022_auriculatus_article,Pyron_OConnell_Lamb_Beamer_2022_auriculatus,"Allocation of Salamandra auriculata Holbrook 1838, with a new species of swamp-dwelling dusky salamander from Atlantic Coastal Plain",2022,10.11646/zootaxa.5188.6.6,https://doi.org/10.11646/zootaxa.5188.6.6,paper,auriculatus_complex,taxonomy|body_size|external_morphology|lifestyle,,Key revision for the auriculatus complex
pyron_oconnell_duncan_burbrink_beamer_2023_monticola_article,Pyron_OConnell_Duncan_Burbrink_Beamer_2023_monticola,"Speciation hypotheses from phylogeographic delimitation yield an integrative taxonomy for Seal Salamanders, Desmognathus monticola",2023,10.1093/sysbio/syac065,https://doi.org/10.1093/sysbio/syac065,paper,monticola_complex,taxonomy|body_size|development|lifestyle,,Primary revision for the monticola complex including D. cheaha
louisianaherps_valentinei,Glorioso_LouisianaHerps_valentinei,Valentine's Southern Dusky Salamander species account on Amphibians and Reptiles of Louisiana,2026,,https://www.louisianaherps.com/southern-dusky-salamander-d.html,website,gulf_coastal_plain,body_size|development|lifestyle,2026-03-08,Secondary source used only as an explicitly labeled backfill for habitat and life-history details; stored locally as HTML
repo_dnapipete_order_breakdown,dnaPipeTE_order_breakdown,Repo-local dnaPipeTE order breakdown table,2026,,,local_repo_table,desmognathus_genomes,te_composition,,Primary order-level TE composition input used for TE path features
repo_dnapipete_superfamily_breakdown,dnaPipeTE_superfamily_breakdown,Repo-local dnaPipeTE superfamily breakdown table,2026,,,local_repo_table,desmognathus_genomes,te_composition,,Superfamily-level TE composition input used for overlap and QC summaries
repo_diversity_order_stats,diversity_order_stats,Repo-local TE order diversity summary table,2026,,,local_repo_table,desmognathus_genomes,te_diversity,,Order-level diversity and evenness input used for TE path features
repo_diversity_superfamily_stats,diversity_superfamily_stats,Repo-local TE superfamily diversity summary table,2026,,,local_repo_table,desmognathus_genomes,te_diversity,,Superfamily-level diversity input used in the master overlap table
repo_divergence_summary_statistics_by_species,divergence_summary_statistics_by_species,Repo-local TE divergence and indel summary statistics by species,2026,,,local_repo_table,desmognathus_genomes,te_turnover|dna_loss,,Primary TE turnover and deletion input used for TE path features
repo_ectopic_recombination_filtered_3000bp_5plusdomains,ectopic_recombination_filtered_3000bp_5plusdomains,Repo-local ectopic recombination summary table filtered to 3000 bp and at least 5 domains,2026,,,local_repo_table,desmognathus_genomes,ectopic_recombination,,Primary ectopic recombination proxy input used for path features and overlap tables
repo_desmognathus_phylogeny_tree,desmo900dated_test_tree,Repo-local dated Desmognathus phylogeny used for comparative analyses,2026,,,local_repo_table,desmognathus_phylogeny,phylogeny,,Tree topology source used for species-overlap gating and phylopath analysis
cellprofiler_final_species_results,cellprofiler_final_species_results,CellProfiler species-level genome summary table from cellprofiler_test,2026,,,local_generated_table,desmognathus_cellprofiler,genome_size,,Current genome-size input used for overlap tables and provisional path-model staging
cellprofiler_species_morphology_summary,cellprofiler_species_morphology_summary,CellProfiler species-level linked cell and nucleus morphology summary from cellprofiler_test,2026,,,local_generated_table,desmognathus_cellprofiler,cell_size|nucleus_size,,Current morphology input used for provisional nucleotypic path-model staging
amphibiaweb,AmphibiaWeb,AmphibiaWeb species accounts,2026,,https://amphibiaweb.org/,website,global_amphibian,lifestyle|development|elevation,2026-03-08,Use for coarse habitat and development backfills with explicit access dates
